"","KiK",".a1",".a2",".a3",".a4",".a5",".a6",".a7",".a8",".a9",".a10",".a11",".a12",".a13",".a14",".a15",".a16",".a17",".a18",".a19",".a20",".a21",".a22",".a23",".a24",".a25",".a26",".a27",".a28",".a29",".a30",".a31",".a32",".a33",".a34",".a35",".a36",".a37",".a38",".a39",".a40",".a41",".a42",".a43",".a44",".a45",".a46",".a47",".a48",".a49",".a50",".a51",".a52",".a53",".a54",".a55",".a56",".a57",".a58",".a59",".a60",".a61",".a62",".a63",".a64",".a65",".a66",".a67",".a68",".a69",".a70",".a71",".a72",".a73",".a74",".a75",".a76",".a77",".a78",".a79",".a80",".a81",".a82",".a83",".a84",".a85",".a86",".a87",".a88",".a89",".a90",".a91",".a92",".a93",".a94",".a95",".a96",".a97",".a98",".a99",".a100",".a101",".a102",".a103",".a104",".a105",".a106",".a107",".a108",".a109",".a110",".a111",".a112",".a113",".a114",".a115",".a116",".a117",".a118",".a119",".a120",".a121",".a122",".a123",".a124",".a125",".a126",".a127",".a128",".a129",".a130",".a131",".a132",".a133",".a134",".a135",".a136",".a137",".a138",".a139",".a140",".a141",".a142",".a143",".a144",".a145",".a146",".a147",".a148",".a149",".a150",".a151",".a152",".a153",".a154",".a155",".a156",".a157",".a158",".a159",".a160",".a161",".a162",".a163",".a164",".a165",".a166",".a167",".a168",".a169",".a170",".a171",".a172",".a173",".a174",".a175"
"1","CHBH10",0.240998345,0.193406433,-0.19990005,0.113874217,-0.611637959,1.132542955,0.648931883,-0.14738432,-0.277852248,-0.638346847,-0.10735255,0.365426899,-0.066210626,-0.103536445,0.008991417,-0.509590563,0.151976738,0.388988492,0.101141399,-0.039601694,0.374600968,-0.26327977,-0.307659725,0.25218091,-0.240876543,-0.031058489,0.12833436,-0.338931511,-0.682753832,0.883749804,0.541829856,0.476215238,-0.140026073,NA,NA,NA,NA,NA,NA,NA,NA,NA,NA,NA,NA,NA,NA,NA,NA,NA,NA,NA,NA,NA,NA,NA,NA,NA,NA,NA,NA,NA,NA,NA,NA,NA,NA,NA,NA,NA,NA,NA,NA,NA,NA,NA,NA,NA,NA,NA,NA,NA,NA,NA,NA,NA,NA,NA,NA,NA,NA,NA,NA,NA,NA,NA,NA,NA,NA,NA,NA,NA,NA,NA,NA,NA,NA,NA,NA,NA,NA,NA,NA,NA,NA,NA,NA,NA,NA,NA,NA,NA,NA,NA,NA,NA,NA,NA,NA,NA,NA,NA,NA,NA,NA,NA,NA,NA,NA,NA,NA,NA,NA,NA,NA,NA,NA,NA,NA,NA,NA,NA,NA,NA,NA,NA,NA,NA,NA,NA,NA,NA,NA,NA,NA,NA,NA,NA,NA,NA,NA,NA,NA,NA,NA
"2","CHBH11",-0.21595344,-1.13637386,-0.714372164,-0.52098519,-0.360079704,0.967727365,-0.992805682,-0.200129881,0.305911796,-1.020323546,-1.127468965,-1.088763728,-0.752973426,-1.59546206,-0.882743777,-1.866628011,-0.411891601,-0.824320755,-0.196876039,-0.612324068,0.002530562,-0.823433809,-0.360482427,-0.590426483,-1.138332718,NA,NA,NA,NA,NA,NA,NA,NA,NA,NA,NA,NA,NA,NA,NA,NA,NA,NA,NA,NA,NA,NA,NA,NA,NA,NA,NA,NA,NA,NA,NA,NA,NA,NA,NA,NA,NA,NA,NA,NA,NA,NA,NA,NA,NA,NA,NA,NA,NA,NA,NA,NA,NA,NA,NA,NA,NA,NA,NA,NA,NA,NA,NA,NA,NA,NA,NA,NA,NA,NA,NA,NA,NA,NA,NA,NA,NA,NA,NA,NA,NA,NA,NA,NA,NA,NA,NA,NA,NA,NA,NA,NA,NA,NA,NA,NA,NA,NA,NA,NA,NA,NA,NA,NA,NA,NA,NA,NA,NA,NA,NA,NA,NA,NA,NA,NA,NA,NA,NA,NA,NA,NA,NA,NA,NA,NA,NA,NA,NA,NA,NA,NA,NA,NA,NA,NA,NA,NA,NA,NA,NA,NA,NA,NA,NA,NA,NA,NA,NA,NA
"3","CHBH12",-0.786889114,0.450892331,0.774443618,-1.368027011,-0.588970669,-0.289090372,-0.535764599,-0.632749309,-0.034274519,-0.25501683,NA,NA,NA,NA,NA,NA,NA,NA,NA,NA,NA,NA,NA,NA,NA,NA,NA,NA,NA,NA,NA,NA,NA,NA,NA,NA,NA,NA,NA,NA,NA,NA,NA,NA,NA,NA,NA,NA,NA,NA,NA,NA,NA,NA,NA,NA,NA,NA,NA,NA,NA,NA,NA,NA,NA,NA,NA,NA,NA,NA,NA,NA,NA,NA,NA,NA,NA,NA,NA,NA,NA,NA,NA,NA,NA,NA,NA,NA,NA,NA,NA,NA,NA,NA,NA,NA,NA,NA,NA,NA,NA,NA,NA,NA,NA,NA,NA,NA,NA,NA,NA,NA,NA,NA,NA,NA,NA,NA,NA,NA,NA,NA,NA,NA,NA,NA,NA,NA,NA,NA,NA,NA,NA,NA,NA,NA,NA,NA,NA,NA,NA,NA,NA,NA,NA,NA,NA,NA,NA,NA,NA,NA,NA,NA,NA,NA,NA,NA,NA,NA,NA,NA,NA,NA,NA,NA,NA,NA,NA,NA,NA,NA,NA,NA,NA
"4","CHBH13",0.995509904,0.29464906,-0.333494957,0.453792505,0.726768632,0.159732246,0.499004761,0.653134679,0.668925127,1.095456909,-0.51337083,0.84935052,0.484562958,0.985825848,0.489033435,1.09889894,0.713234516,1.192801381,0.885786977,0.920922565,0.855419567,0.502516615,0.112983669,-0.19729963,0.778466046,0.17956223,-0.32029897,0.266350878,0.44471684,0.727888987,0.405433458,-1.171468563,0.873951107,-0.464591147,0.446557324,0.437323288,0.153701514,0.589479871,1.308312224,-0.002415417,0.614101909,0.365148272,NA,NA,NA,NA,NA,NA,NA,NA,NA,NA,NA,NA,NA,NA,NA,NA,NA,NA,NA,NA,NA,NA,NA,NA,NA,NA,NA,NA,NA,NA,NA,NA,NA,NA,NA,NA,NA,NA,NA,NA,NA,NA,NA,NA,NA,NA,NA,NA,NA,NA,NA,NA,NA,NA,NA,NA,NA,NA,NA,NA,NA,NA,NA,NA,NA,NA,NA,NA,NA,NA,NA,NA,NA,NA,NA,NA,NA,NA,NA,NA,NA,NA,NA,NA,NA,NA,NA,NA,NA,NA,NA,NA,NA,NA,NA,NA,NA,NA,NA,NA,NA,NA,NA,NA,NA,NA,NA,NA,NA,NA,NA,NA,NA,NA,NA,NA,NA,NA,NA,NA,NA,NA,NA,NA,NA,NA,NA,NA,NA,NA,NA,NA,NA
"5","CHBH14",-1.701152971,-0.764496259,-1.179487083,-0.681372774,-0.821083677,-1.445764036,-1.273890623,0.049263467,-0.203517395,-0.307225649,-0.360121094,-1.208423838,-0.363295392,-0.628285014,-0.916337808,-0.548077297,-1.159908187,-0.993194453,-0.301619227,-0.228307801,-1.427773082,-1.117892316,-1.495543046,-0.989366618,0.030265814,-0.143607394,NA,NA,NA,NA,NA,NA,NA,NA,NA,NA,NA,NA,NA,NA,NA,NA,NA,NA,NA,NA,NA,NA,NA,NA,NA,NA,NA,NA,NA,NA,NA,NA,NA,NA,NA,NA,NA,NA,NA,NA,NA,NA,NA,NA,NA,NA,NA,NA,NA,NA,NA,NA,NA,NA,NA,NA,NA,NA,NA,NA,NA,NA,NA,NA,NA,NA,NA,NA,NA,NA,NA,NA,NA,NA,NA,NA,NA,NA,NA,NA,NA,NA,NA,NA,NA,NA,NA,NA,NA,NA,NA,NA,NA,NA,NA,NA,NA,NA,NA,NA,NA,NA,NA,NA,NA,NA,NA,NA,NA,NA,NA,NA,NA,NA,NA,NA,NA,NA,NA,NA,NA,NA,NA,NA,NA,NA,NA,NA,NA,NA,NA,NA,NA,NA,NA,NA,NA,NA,NA,NA,NA,NA,NA,NA,NA,NA,NA,NA,NA
"6","CHBH15",-0.147141351,0.160184285,-0.792872717,-0.471141768,-0.471003492,0.436517815,-0.695507427,-1.616480236,-0.825150988,-0.21590837,NA,NA,NA,NA,NA,NA,NA,NA,NA,NA,NA,NA,NA,NA,NA,NA,NA,NA,NA,NA,NA,NA,NA,NA,NA,NA,NA,NA,NA,NA,NA,NA,NA,NA,NA,NA,NA,NA,NA,NA,NA,NA,NA,NA,NA,NA,NA,NA,NA,NA,NA,NA,NA,NA,NA,NA,NA,NA,NA,NA,NA,NA,NA,NA,NA,NA,NA,NA,NA,NA,NA,NA,NA,NA,NA,NA,NA,NA,NA,NA,NA,NA,NA,NA,NA,NA,NA,NA,NA,NA,NA,NA,NA,NA,NA,NA,NA,NA,NA,NA,NA,NA,NA,NA,NA,NA,NA,NA,NA,NA,NA,NA,NA,NA,NA,NA,NA,NA,NA,NA,NA,NA,NA,NA,NA,NA,NA,NA,NA,NA,NA,NA,NA,NA,NA,NA,NA,NA,NA,NA,NA,NA,NA,NA,NA,NA,NA,NA,NA,NA,NA,NA,NA,NA,NA,NA,NA,NA,NA,NA,NA,NA,NA,NA,NA
"7","CHBH16",-1.525652049,0.190675033,-0.099196088,-1.431280374,-0.786347394,-1.169912015,-1.338902501,0.48378626,-1.513688684,-1.153004385,-1.643284424,-0.998245771,-1.230709889,NA,NA,NA,NA,NA,NA,NA,NA,NA,NA,NA,NA,NA,NA,NA,NA,NA,NA,NA,NA,NA,NA,NA,NA,NA,NA,NA,NA,NA,NA,NA,NA,NA,NA,NA,NA,NA,NA,NA,NA,NA,NA,NA,NA,NA,NA,NA,NA,NA,NA,NA,NA,NA,NA,NA,NA,NA,NA,NA,NA,NA,NA,NA,NA,NA,NA,NA,NA,NA,NA,NA,NA,NA,NA,NA,NA,NA,NA,NA,NA,NA,NA,NA,NA,NA,NA,NA,NA,NA,NA,NA,NA,NA,NA,NA,NA,NA,NA,NA,NA,NA,NA,NA,NA,NA,NA,NA,NA,NA,NA,NA,NA,NA,NA,NA,NA,NA,NA,NA,NA,NA,NA,NA,NA,NA,NA,NA,NA,NA,NA,NA,NA,NA,NA,NA,NA,NA,NA,NA,NA,NA,NA,NA,NA,NA,NA,NA,NA,NA,NA,NA,NA,NA,NA,NA,NA,NA,NA,NA,NA,NA,NA
"8","CHBH17",0.172309087,-0.228303658,-0.403173263,0.256816709,0.68689648,0.48349005,-0.224874769,0.214606209,0.562216649,0.721583281,1.071065336,-0.656060835,-0.645861901,-0.941940674,-0.685909149,-0.609321754,-0.097755605,-0.437372177,-1.030246445,0.146444511,-1.162071912,-0.101092496,-1.19347705,-0.042669884,-0.326483315,-0.620676726,0.376378693,NA,NA,NA,NA,NA,NA,NA,NA,NA,NA,NA,NA,NA,NA,NA,NA,NA,NA,NA,NA,NA,NA,NA,NA,NA,NA,NA,NA,NA,NA,NA,NA,NA,NA,NA,NA,NA,NA,NA,NA,NA,NA,NA,NA,NA,NA,NA,NA,NA,NA,NA,NA,NA,NA,NA,NA,NA,NA,NA,NA,NA,NA,NA,NA,NA,NA,NA,NA,NA,NA,NA,NA,NA,NA,NA,NA,NA,NA,NA,NA,NA,NA,NA,NA,NA,NA,NA,NA,NA,NA,NA,NA,NA,NA,NA,NA,NA,NA,NA,NA,NA,NA,NA,NA,NA,NA,NA,NA,NA,NA,NA,NA,NA,NA,NA,NA,NA,NA,NA,NA,NA,NA,NA,NA,NA,NA,NA,NA,NA,NA,NA,NA,NA,NA,NA,NA,NA,NA,NA,NA,NA,NA,NA,NA,NA,NA,NA,NA
"9","CHBH20",-3.044422899,-2.15050323,-2.711968645,-2.38314032,-2.161680302,-2.835223044,NA,NA,NA,NA,NA,NA,NA,NA,NA,NA,NA,NA,NA,NA,NA,NA,NA,NA,NA,NA,NA,NA,NA,NA,NA,NA,NA,NA,NA,NA,NA,NA,NA,NA,NA,NA,NA,NA,NA,NA,NA,NA,NA,NA,NA,NA,NA,NA,NA,NA,NA,NA,NA,NA,NA,NA,NA,NA,NA,NA,NA,NA,NA,NA,NA,NA,NA,NA,NA,NA,NA,NA,NA,NA,NA,NA,NA,NA,NA,NA,NA,NA,NA,NA,NA,NA,NA,NA,NA,NA,NA,NA,NA,NA,NA,NA,NA,NA,NA,NA,NA,NA,NA,NA,NA,NA,NA,NA,NA,NA,NA,NA,NA,NA,NA,NA,NA,NA,NA,NA,NA,NA,NA,NA,NA,NA,NA,NA,NA,NA,NA,NA,NA,NA,NA,NA,NA,NA,NA,NA,NA,NA,NA,NA,NA,NA,NA,NA,NA,NA,NA,NA,NA,NA,NA,NA,NA,NA,NA,NA,NA,NA,NA,NA,NA,NA,NA,NA,NA
"10","GNMH05",-0.493418051,0.463248079,0.652179648,0.576035258,-0.471063236,-0.149556063,-0.172940351,0.576862996,0.133940095,-0.254413713,0.3452803,0.209872906,-0.510587702,0.378031156,-0.397414219,-1.168164693,-0.395661984,-0.090023621,0.098601681,-0.105334243,0.057152242,0.41684798,-0.477151131,0.01440867,0.481426888,-0.093108986,-0.568334796,0.033139585,-0.003023022,-0.489954831,-0.129724207,0.085420722,0.111184168,0.369789503,0.096626557,-0.239621095,0.096688329,0.092380817,0.006497334,-0.042084076,-0.075494659,0.001590389,0.125164983,-0.113602352,-0.145144741,-0.267354588,-0.115379561,0.035036888,-0.307134537,0.015572778,0.064085733,0.070846008,-0.208281133,-0.574699615,-0.730751397,-0.229478014,-0.337460647,-0.179043812,-0.482500376,-0.395422973,-0.118328398,-0.977882062,-0.165024161,-0.021375391,-0.175119858,-0.421409766,0.249851777,0.002890506,-0.062250041,0.072169827,-1.05493542,-1.947517732,NA,NA,NA,NA,NA,NA,NA,NA,NA,NA,NA,NA,NA,NA,NA,NA,NA,NA,NA,NA,NA,NA,NA,NA,NA,NA,NA,NA,NA,NA,NA,NA,NA,NA,NA,NA,NA,NA,NA,NA,NA,NA,NA,NA,NA,NA,NA,NA,NA,NA,NA,NA,NA,NA,NA,NA,NA,NA,NA,NA,NA,NA,NA,NA,NA,NA,NA,NA,NA,NA,NA,NA,NA,NA,NA,NA,NA,NA,NA,NA,NA,NA,NA,NA,NA,NA,NA,NA,NA,NA,NA,NA,NA,NA,NA,NA,NA,NA,NA,NA,NA,NA,NA
"11","GNMH07",-1.585572994,-0.051173026,-0.143299678,0.805950752,1.275766075,0.163061408,-0.573334277,0.132267537,-0.42813452,-0.808868178,-0.9935382,-0.60052404,0.212300798,0.270339909,0.184225838,-0.438446981,0.1688464,0.434812539,-0.030845647,1.014995063,0.459746166,-0.190564552,-1.463800547,-0.116293561,0.246313301,0.500103869,0.487647523,-0.261785107,-0.507214346,0.420475872,0.857923846,0.232481007,-0.322543243,0.569006749,0.429847228,0.164985914,1.052378308,-0.872465672,0.25913687,-1.119796986,0.154497,-0.108886427,-0.24999695,-0.129522491,0.611070419,-1.293944049,-0.765109101,-0.91442582,-0.4740709,-0.182801836,0.19656984,0.174259686,-0.106297821,-0.544805786,-0.184162668,-0.458588266,-0.890660369,-0.140462655,-0.343898699,-0.117013341,-0.099275073,0.512394452,-0.200948189,-0.436319594,0.073609214,0.058616362,-0.117057206,-0.293339137,0.055741792,0.146366927,-0.491470448,-0.40448223,-0.230367008,0.265703063,-0.373745937,-0.306450768,-0.316994753,-0.246057172,0.063572253,-0.368133894,0.111122774,-0.314505392,0.048958147,0.149423499,-0.110379542,-0.145246885,0.644077707,0.077300837,0.278782613,-0.139167543,0.026283131,0.114219527,-0.132584751,-0.0845161,-0.604652963,-0.568002436,0.230292287,-0.442353969,0.455539164,-0.404610036,0.102993393,-0.124548184,-0.113634209,0.074242319,-0.107220399,0.560750206,-1.019722755,NA,NA,NA,NA,NA,NA,NA,NA,NA,NA,NA,NA,NA,NA,NA,NA,NA,NA,NA,NA,NA,NA,NA,NA,NA,NA,NA,NA,NA,NA,NA,NA,NA,NA,NA,NA,NA,NA,NA,NA,NA,NA,NA,NA,NA,NA,NA,NA,NA,NA,NA,NA,NA,NA,NA,NA,NA,NA,NA,NA,NA,NA,NA,NA,NA,NA,NA,NA
"12","GNMH08",-2.122886648,-0.718955232,-0.767253343,-0.063455789,-0.598312867,-0.771517701,-0.318176948,-1.039760788,-1.198324953,-0.099814444,0.592651158,-0.51075444,-0.921654817,0.563213583,0.737392706,0.104666944,0.550751155,-0.364808016,0.219416407,-0.870317661,0.399234668,0.332545023,-0.435486766,-0.339544773,-0.570159319,NA,NA,NA,NA,NA,NA,NA,NA,NA,NA,NA,NA,NA,NA,NA,NA,NA,NA,NA,NA,NA,NA,NA,NA,NA,NA,NA,NA,NA,NA,NA,NA,NA,NA,NA,NA,NA,NA,NA,NA,NA,NA,NA,NA,NA,NA,NA,NA,NA,NA,NA,NA,NA,NA,NA,NA,NA,NA,NA,NA,NA,NA,NA,NA,NA,NA,NA,NA,NA,NA,NA,NA,NA,NA,NA,NA,NA,NA,NA,NA,NA,NA,NA,NA,NA,NA,NA,NA,NA,NA,NA,NA,NA,NA,NA,NA,NA,NA,NA,NA,NA,NA,NA,NA,NA,NA,NA,NA,NA,NA,NA,NA,NA,NA,NA,NA,NA,NA,NA,NA,NA,NA,NA,NA,NA,NA,NA,NA,NA,NA,NA,NA,NA,NA,NA,NA,NA,NA,NA,NA,NA,NA,NA,NA,NA,NA,NA,NA,NA,NA
"13","GNMH09",-0.469477481,-1.086895259,-0.558034007,-0.161826446,-0.585491951,-1.30092761,-0.807323017,-0.648439553,-1.095142404,-1.423357389,-1.049134169,-0.472000941,-0.781511668,-1.198507077,-0.977195777,-1.809800825,-1.944836744,-0.330449588,-2.196881252,-2.054617499,-0.747379051,-1.473220357,-1.591090484,-1.33447572,-1.264125779,-1.129400472,-1.250061064,-0.957678402,-1.155962515,-1.307233326,-1.003773796,-2.47683876,NA,NA,NA,NA,NA,NA,NA,NA,NA,NA,NA,NA,NA,NA,NA,NA,NA,NA,NA,NA,NA,NA,NA,NA,NA,NA,NA,NA,NA,NA,NA,NA,NA,NA,NA,NA,NA,NA,NA,NA,NA,NA,NA,NA,NA,NA,NA,NA,NA,NA,NA,NA,NA,NA,NA,NA,NA,NA,NA,NA,NA,NA,NA,NA,NA,NA,NA,NA,NA,NA,NA,NA,NA,NA,NA,NA,NA,NA,NA,NA,NA,NA,NA,NA,NA,NA,NA,NA,NA,NA,NA,NA,NA,NA,NA,NA,NA,NA,NA,NA,NA,NA,NA,NA,NA,NA,NA,NA,NA,NA,NA,NA,NA,NA,NA,NA,NA,NA,NA,NA,NA,NA,NA,NA,NA,NA,NA,NA,NA,NA,NA,NA,NA,NA,NA,NA,NA,NA,NA,NA,NA,NA,NA
"14","GNMH10",-0.556252118,0.002387845,-0.204997917,0.045149342,0.488990656,1.036610392,1.065027083,0.675727146,-1.006376739,-1.006996956,-0.515302002,-0.312437544,1.228351037,-0.204660006,-0.621733217,-0.626741957,-0.609478672,1.061596938,-2.946498659,-0.207098095,-0.144882938,-0.326524406,-2.836640982,NA,NA,NA,NA,NA,NA,NA,NA,NA,NA,NA,NA,NA,NA,NA,NA,NA,NA,NA,NA,NA,NA,NA,NA,NA,NA,NA,NA,NA,NA,NA,NA,NA,NA,NA,NA,NA,NA,NA,NA,NA,NA,NA,NA,NA,NA,NA,NA,NA,NA,NA,NA,NA,NA,NA,NA,NA,NA,NA,NA,NA,NA,NA,NA,NA,NA,NA,NA,NA,NA,NA,NA,NA,NA,NA,NA,NA,NA,NA,NA,NA,NA,NA,NA,NA,NA,NA,NA,NA,NA,NA,NA,NA,NA,NA,NA,NA,NA,NA,NA,NA,NA,NA,NA,NA,NA,NA,NA,NA,NA,NA,NA,NA,NA,NA,NA,NA,NA,NA,NA,NA,NA,NA,NA,NA,NA,NA,NA,NA,NA,NA,NA,NA,NA,NA,NA,NA,NA,NA,NA,NA,NA,NA,NA,NA,NA,NA,NA,NA,NA,NA,NA
"15","GNMH11",-1.460792825,0.029137449,0.113083409,0.215642007,1.363493119,-0.259791666,-1.236316767,-0.797872491,-1.290453582,0.043578011,-1.303267891,-1.83534473,1.004356325,-2.373621941,-1.836304934,-0.346279966,-0.500621628,-0.860105996,-0.032989714,-0.645950425,0.260331728,0.290839817,-0.107598122,0.328607473,-0.00752577,0.606214168,0.13765872,0.372618321,0.233480599,0.127801203,-0.26436847,-0.425375228,-0.464897305,-0.938996664,-1.050766737,-2.369503146,NA,NA,NA,NA,NA,NA,NA,NA,NA,NA,NA,NA,NA,NA,NA,NA,NA,NA,NA,NA,NA,NA,NA,NA,NA,NA,NA,NA,NA,NA,NA,NA,NA,NA,NA,NA,NA,NA,NA,NA,NA,NA,NA,NA,NA,NA,NA,NA,NA,NA,NA,NA,NA,NA,NA,NA,NA,NA,NA,NA,NA,NA,NA,NA,NA,NA,NA,NA,NA,NA,NA,NA,NA,NA,NA,NA,NA,NA,NA,NA,NA,NA,NA,NA,NA,NA,NA,NA,NA,NA,NA,NA,NA,NA,NA,NA,NA,NA,NA,NA,NA,NA,NA,NA,NA,NA,NA,NA,NA,NA,NA,NA,NA,NA,NA,NA,NA,NA,NA,NA,NA,NA,NA,NA,NA,NA,NA,NA,NA,NA,NA,NA,NA,NA,NA,NA,NA,NA,NA
"16","GNMH12",0.157910357,0.079990258,0.298409077,-0.252956725,0.28046417,0.680104235,0.415456435,0.071348863,0.038226049,0.061951592,-0.293833273,-0.190508925,0.026221615,0.529008575,0.45780371,1.680534692,0.104151371,0.961995462,0.912448637,0.605510026,0.788964108,0.44859365,0.323792069,0.912522841,0.406036427,0.97795183,0.73878467,0.824430183,0.5245571,0.551811229,0.286337507,0.730180436,-1.476254494,-0.812797593,NA,NA,NA,NA,NA,NA,NA,NA,NA,NA,NA,NA,NA,NA,NA,NA,NA,NA,NA,NA,NA,NA,NA,NA,NA,NA,NA,NA,NA,NA,NA,NA,NA,NA,NA,NA,NA,NA,NA,NA,NA,NA,NA,NA,NA,NA,NA,NA,NA,NA,NA,NA,NA,NA,NA,NA,NA,NA,NA,NA,NA,NA,NA,NA,NA,NA,NA,NA,NA,NA,NA,NA,NA,NA,NA,NA,NA,NA,NA,NA,NA,NA,NA,NA,NA,NA,NA,NA,NA,NA,NA,NA,NA,NA,NA,NA,NA,NA,NA,NA,NA,NA,NA,NA,NA,NA,NA,NA,NA,NA,NA,NA,NA,NA,NA,NA,NA,NA,NA,NA,NA,NA,NA,NA,NA,NA,NA,NA,NA,NA,NA,NA,NA,NA,NA,NA,NA,NA,NA,NA,NA
"17","GNMH13",1.030189526,0.84075661,-0.168389308,0.809237673,0.37256974,1.28679279,1.646555326,1.144116069,1.067487192,0.577949451,0.287151287,0.606264694,0.063465006,1.079322536,0.699665385,0.17659494,1.253211148,0.820505808,0.4550791,-0.56788964,1.067267669,0.770470237,-0.121749132,-0.434284411,0.638824256,0.169691561,NA,NA,NA,NA,NA,NA,NA,NA,NA,NA,NA,NA,NA,NA,NA,NA,NA,NA,NA,NA,NA,NA,NA,NA,NA,NA,NA,NA,NA,NA,NA,NA,NA,NA,NA,NA,NA,NA,NA,NA,NA,NA,NA,NA,NA,NA,NA,NA,NA,NA,NA,NA,NA,NA,NA,NA,NA,NA,NA,NA,NA,NA,NA,NA,NA,NA,NA,NA,NA,NA,NA,NA,NA,NA,NA,NA,NA,NA,NA,NA,NA,NA,NA,NA,NA,NA,NA,NA,NA,NA,NA,NA,NA,NA,NA,NA,NA,NA,NA,NA,NA,NA,NA,NA,NA,NA,NA,NA,NA,NA,NA,NA,NA,NA,NA,NA,NA,NA,NA,NA,NA,NA,NA,NA,NA,NA,NA,NA,NA,NA,NA,NA,NA,NA,NA,NA,NA,NA,NA,NA,NA,NA,NA,NA,NA,NA,NA,NA,NA
"18","GNMH14",0.592418844,0.456863291,-0.311796345,0.519616192,-0.249715002,0.272544496,0.843126212,-0.821528028,0.085814423,0.643530416,0.419255075,0.092781773,0.017048416,0.066847413,0.116261038,0.208542869,0.832253231,0.592125484,-0.155078535,0.110798606,0.32154161,0.605391505,0.380423638,0.084684476,0.296415759,0.293677961,0.417000362,-0.405050277,-0.273370202,0.204551911,0.335685152,0.137553254,0.226549836,0.406442626,0.113421204,0.268525783,0.767815944,0.417274816,-0.025456176,0.066141019,-0.33368909,0.470065714,0.243576113,NA,NA,NA,NA,NA,NA,NA,NA,NA,NA,NA,NA,NA,NA,NA,NA,NA,NA,NA,NA,NA,NA,NA,NA,NA,NA,NA,NA,NA,NA,NA,NA,NA,NA,NA,NA,NA,NA,NA,NA,NA,NA,NA,NA,NA,NA,NA,NA,NA,NA,NA,NA,NA,NA,NA,NA,NA,NA,NA,NA,NA,NA,NA,NA,NA,NA,NA,NA,NA,NA,NA,NA,NA,NA,NA,NA,NA,NA,NA,NA,NA,NA,NA,NA,NA,NA,NA,NA,NA,NA,NA,NA,NA,NA,NA,NA,NA,NA,NA,NA,NA,NA,NA,NA,NA,NA,NA,NA,NA,NA,NA,NA,NA,NA,NA,NA,NA,NA,NA,NA,NA,NA,NA,NA,NA,NA,NA,NA,NA,NA,NA,NA
"19","IBRH07",-0.971132648,-1.059134516,-1.168214874,-1.330436752,-1.210140658,-0.690570629,-0.828386573,-1.637337533,-1.248418671,-1.190589724,-1.231114339,-1.011734261,-0.778396335,-0.423607309,-0.528277407,-0.499740418,-1.21678333,-1.16483275,-0.980807591,-1.103818295,-0.999997707,-0.742062037,-0.686044153,-0.505730539,-1.270194982,-0.521295828,-0.844060139,-0.671730964,-1.029005576,-1.039498061,-0.879458191,-0.898923117,-0.544752136,-0.559534039,-1.094504126,-0.949899564,-1.046608983,-0.86062155,-0.687032244,-1.410409856,-0.569554653,-1.167331378,-1.508697748,-0.626777123,-0.777997832,NA,NA,NA,NA,NA,NA,NA,NA,NA,NA,NA,NA,NA,NA,NA,NA,NA,NA,NA,NA,NA,NA,NA,NA,NA,NA,NA,NA,NA,NA,NA,NA,NA,NA,NA,NA,NA,NA,NA,NA,NA,NA,NA,NA,NA,NA,NA,NA,NA,NA,NA,NA,NA,NA,NA,NA,NA,NA,NA,NA,NA,NA,NA,NA,NA,NA,NA,NA,NA,NA,NA,NA,NA,NA,NA,NA,NA,NA,NA,NA,NA,NA,NA,NA,NA,NA,NA,NA,NA,NA,NA,NA,NA,NA,NA,NA,NA,NA,NA,NA,NA,NA,NA,NA,NA,NA,NA,NA,NA,NA,NA,NA,NA,NA,NA,NA,NA,NA,NA,NA,NA,NA,NA,NA,NA,NA,NA,NA,NA,NA
"20","IBRH10",0.925415581,0.446771569,-0.352872238,-0.076641305,0.961074628,-0.449874007,0.334105461,0.400861019,1.186214837,-0.253788095,0.268446948,0.554584712,1.309435797,0.014563905,0.70633532,0.636488281,-0.373584925,1.075775163,0.171018234,0.783892093,0.460178453,0.840704571,-0.12652854,0.377150699,-0.012449572,0.01009648,0.088265492,0.318428644,-0.388416169,0.061954651,-0.67002904,-0.407942235,0.616697626,-0.139290938,0.032071528,0.279594835,-0.166564471,-0.058930483,0.378697573,0.241768701,0.176355557,-0.108094542,-0.230978582,0.593945313,0.919332405,0.160037881,1.131395989,0.472615042,-0.396376246,1.204486823,0.944241645,-0.024023321,-0.127877325,0.03000506,0.380438902,0.33501031,-0.020529994,1.153669876,0.314934664,0.496241455,-0.290945881,-0.13995597,0.588550426,-0.596740203,-0.33342607,-0.354193178,0.256758542,0.58388952,0.560012362,-0.245105013,-0.119102892,0.338072404,0.666424441,-0.001576054,-0.580933437,0.59245656,NA,NA,NA,NA,NA,NA,NA,NA,NA,NA,NA,NA,NA,NA,NA,NA,NA,NA,NA,NA,NA,NA,NA,NA,NA,NA,NA,NA,NA,NA,NA,NA,NA,NA,NA,NA,NA,NA,NA,NA,NA,NA,NA,NA,NA,NA,NA,NA,NA,NA,NA,NA,NA,NA,NA,NA,NA,NA,NA,NA,NA,NA,NA,NA,NA,NA,NA,NA,NA,NA,NA,NA,NA,NA,NA,NA,NA,NA,NA,NA,NA,NA,NA,NA,NA,NA,NA,NA,NA,NA,NA,NA,NA,NA,NA,NA,NA,NA,NA
"21","IBRH11",0.811653657,-0.071853954,0.921211188,0.658213963,0.394487156,0.10812449,0.343239838,0.800436383,0.670709681,0.958860439,0.157086358,0.982996914,1.501222316,1.103852355,1.334010759,1.292845256,1.50715103,0.940752402,0.740256448,1.567698175,1.235321316,1.169158439,0.907565685,1.185452723,1.083346479,0.443438446,1.177197175,1.05484734,1.982423637,0.494994927,1.676772511,1.352187707,0.847413255,0.93360784,1.889381751,1.693209092,0.986411677,0.716890789,0.983220969,1.210982146,1.376764446,1.028611199,1.147145913,1.19880698,0.965054547,1.137555414,0.870805397,0.787030954,0.779447495,1.29023419,1.423041657,1.189044647,1.248301666,1.442300134,1.210893344,1.076296562,0.637000757,1.05522091,1.131526619,1.483134119,1.557622027,1.461935852,1.291858831,0.532449395,1.734257444,1.011739837,1.306328797,0.814738762,0.81048642,1.160551605,1.199846218,1.339894028,1.171603468,1.026031202,1.641657488,1.205913751,1.454746437,1.09179732,0.818531956,2.206466002,1.657229697,1.603455585,1.886922189,0.761217652,0.599411638,1.021295686,1.580375214,1.137391071,0.858580368,0.734383731,0.824414701,1.217381259,0.984543056,1.584421171,1.310835762,1.053206019,1.24781646,1.378530336,1.124742586,0.72546608,0.768264113,1.817379687,1.317435739,1.018489425,1.174314097,0.908166232,1.292052675,1.343952787,1.53125706,1.102472898,1.051878738,1.149173602,1.124786607,1.512978172,1.015754,0.763396234,0.861015578,1.403387443,0.436475958,1.179607206,0.94482829,1.164797504,2.164261017,1.796885054,1.087238128,0.884727791,0.908405472,0.384520926,0.703983538,1.060022182,0.644577506,0.766256944,0.677133863,1.05800993,1.162710187,0.686049039,1.777785305,1.219456394,-0.204908302,0.636012849,0.103094249,-1.035146931,0.313276099,-0.208813427,NA,NA,NA,NA,NA,NA,NA,NA,NA,NA,NA,NA,NA,NA,NA,NA,NA,NA,NA,NA,NA,NA,NA,NA,NA,NA,NA,NA,NA,NA,NA
"22","IBRH12",0.711055532,0.637110242,0.927714922,0.849533166,0.343583035,0.896251356,0.755853806,0.81586001,1.383058294,1.181851051,0.394592532,1.399010791,0.551126956,0.919948121,0.336527674,-0.113690891,0.337309105,0.574478964,1.093935251,0.13580189,-0.432961046,0.353588964,0.912810455,0.333300534,0.357299586,0.899013489,0.312935158,0.668110592,0.600880185,0.616782484,0.908470976,1.451468173,0.471759952,0.498732137,0.522454711,0.792075311,0.646748997,0.275814044,0.364154992,0.952351942,-0.251538476,-1.230740996,0.914050464,0.296996542,0.199835037,0.121165172,0.48353943,0.06472452,0.567160596,-0.108964372,0.847702359,1.819657211,0.429976363,-0.470281588,0.336566661,0.63634481,-0.200261752,0.12214348,1.090358189,1.20641865,0.838278937,0.442436532,0.589684901,1.356018194,-0.192082398,0.144990123,0.556009823,0.668186576,1.042683058,1.177725177,0.479584109,0.583556851,0.884479773,0.688959793,0.873285896,0.548557859,0.840503274,0.562161761,0.816398024,0.631051585,0.417066825,0.931409878,0.347786863,0.681096851,0.9259917,0.459513887,1.332303965,-0.243597683,0.923623146,0.310333783,0.770497666,0.798465893,0.607990165,1.740711953,0.857077224,0.369297915,0.643432605,0.971053692,0.72644633,0.937411428,0.530993005,0.921400112,0.412593841,0.435326861,0.288723614,0.139877169,0.840947914,0.530031322,0.822241656,-0.554334407,1.30403223,0.95231051,-0.012016475,0.821869723,2.104533108,0.384626214,0.575586776,1.140466957,0.07239292,0.559554072,0.429576696,0.723895264,0.42678892,0.971432718,0.657166093,1.15347913,0.279248769,-0.289710662,0.615319965,0.302826198,0.874732669,0.315215543,-0.109074592,0.462662751,0.516809346,0.720950315,1.023890261,0.599892487,-0.202577549,0.433122719,0.532620268,0.976391939,0.270330049,0.546633285,0.809661621,0.907926009,-0.26425143,0.770373897,1.206130909,-0.177395716,0.643113553,0.364422747,-0.062257961,0.932522437,1.02820733,0.291206854,0.461751262,1.117052978,0.258192439,1.305596755,0.585797856,0.749369145,0.770908944,0.734344082,-0.007681345,0.505768151,0.441345268,0.461299487,0.966160185,0.662442704,0.550804703,NA,NA,NA,NA
"23","IBRH13",0.480867519,1.365382054,-0.007555084,0.522522547,0.541621279,0.319943182,0.960931236,0.675541583,-0.85450071,1.601495974,0.768511901,1.114286091,0.21365002,1.145647513,-0.378477712,0.481816486,0.525377953,0.253547616,0.208475786,-0.247235901,0.488976159,0.545494009,1.471733371,0.23030514,0.281808459,-0.302445608,0.936805098,-0.382958319,0.644014084,-0.055160555,0.424990593,-0.24704227,0.387323723,-0.053686605,0.356002221,0.090664755,-0.318247865,0.362082288,0.533681466,1.324052189,0.539122923,0.779345729,0.405563784,0.554517305,-0.236890257,0.167639848,0.26263434,0.496623752,0.004477407,0.100718497,0.461601223,0.725142293,-0.315914399,1.016273736,0.438487923,0.05895396,1.045719645,0.753170893,0.771794653,-0.13836295,1.16600269,0.619551379,0.480579667,1.111188702,0.464710832,0.558515075,0.529623344,0.633674221,0.166519399,0.338675699,-0.441459498,0.449800283,1.720300168,0.791324647,0.470105599,0.112797921,0.574609664,0.761366075,0.41023796,0.436863225,0.188300626,0.188479419,0.107679341,0.552632453,-0.251604917,-0.163712448,0.74434378,1.022954613,0.441829592,-0.286527025,0.526565526,0.389128862,-0.530136604,0.457020087,0.294090282,0.575517469,0.492834014,1.156780649,0.573668989,0.262733668,0.803923973,0.309509289,0.97848292,0.453193848,0.41322131,0.275480435,0.367913601,0.875583206,0.826973416,1.033323281,0.363202984,0.654797681,0.255686925,0.802003614,1.141595533,0.173409174,0.404092973,0.961039085,0.038750522,0.429560327,1.02643913,-0.038583057,0.529837037,0.716485179,0.272868955,0.546792223,0.014034731,0.3416791,0.134928646,0.722766026,-0.224790159,1.408283942,0.121081903,0.906440177,0.781207343,0.178455652,0.421975836,0.04472411,0.078126787,1.171242196,0.560470758,0.255158581,0.23250991,0.088668433,-0.26175928,-0.369884993,0.376676136,0.017695711,1.024448172,0.266082845,0.877391944,0.495154908,0.460063997,0.632993851,1.081103265,0.332562046,-0.680213034,0.076476958,-0.013160603,0.976403886,0.595904099,0.24821417,0.526338322,-0.029175517,0.622760058,0.253118283,0.12617762,0.589456427,-0.04258454,0.598969406,0.870690759,0.832422219,-0.347371671,0.818541607,0.207334751
"24","IBRH14",0.214105805,-0.055441396,-1.084637743,-0.554984789,-0.4084866,-0.065891531,-1.113199974,0.057518999,0.572044946,-0.073493705,-0.934210029,0.085611835,0.427120591,0.247159409,0.214870664,0.008130678,-0.197053705,-1.15778038,-0.272810309,-0.413830689,0.848649309,0.5188179,0.172365286,-1.185687516,0.152941214,-0.14700702,-0.535909947,0.028543671,-1.569952331,-0.377108849,-0.178339414,0.115533645,-0.03204145,-0.3566146,-0.426298463,-0.67662645,1.124846825,0.523850167,0.794260297,0.146674314,0.10021354,0.49160111,0.795229724,-0.624945351,-0.310587451,-0.407609784,-1.036347253,-0.03244858,-0.703544201,0.127542593,-0.063277109,0.595959785,0.013534701,0.108536641,-0.615550278,-0.029504788,0.494735824,-0.344638362,-0.041373229,0.037894196,-0.400567851,-0.015498035,-0.802562819,-0.109244329,-0.271262632,0.187721241,0.593035519,-0.342031879,1.134377309,-0.353658647,-0.921776956,-0.780541866,0.110053292,-0.384999885,-0.533869331,-0.283601498,0.046492552,-0.636391854,-0.907187348,-0.361934722,-0.089798472,0.532727848,-0.454194773,-0.570890819,-0.791710566,0.057397613,0.630177837,-0.209815829,-0.058969161,-0.327024079,-0.936039581,0.119642119,-0.672189464,-1.27725951,-0.915134939,0.986982279,-0.444890966,-0.380892138,-0.830315001,-0.813608632,0.134459327,-0.260893829,0.059657524,0.092540117,-0.095170356,0.111914993,-0.654377355,0.378250063,-1.38194664,-0.663830561,-1.159303603,-0.987165253,0.349078715,-0.619697701,-0.602796305,-0.61231901,-0.129831264,-0.511666036,-0.988787712,-0.202040923,0.396565959,-0.177336181,0.376996333,-0.758565592,0.275840554,-0.673622301,0.372036442,0.102325472,-0.205997965,-0.341653588,-1.0641864,0.72771697,-0.513951519,-0.49026132,0.229692529,-0.4685409,-0.639628088,-0.815403395,0.508730486,-0.442184243,0.867434005,-0.218417598,-0.609867947,0.603514273,-0.239317907,0.333855826,-1.416807596,0.332695011,-0.406452648,-0.052914253,-0.512805916,-0.728140492,-0.377607281,-0.828999966,0.264834747,-0.968961132,-1.620367777,NA,NA,NA,NA,NA,NA,NA,NA,NA,NA,NA,NA,NA,NA,NA,NA,NA,NA
"25","IBRH15",1.455663619,1.096452702,1.538592904,1.549016933,1.689486792,2.171817771,1.61434759,2.148258314,1.377621865,1.379583218,0.649318846,0.378146412,1.546279106,1.529355317,1.499514754,1.517032284,1.585553529,1.191771839,1.138181899,1.132067949,1.373833915,1.260726697,1.155252168,1.124339326,0.481831895,1.13869946,1.3003113,1.137079711,1.134975361,0.849267217,0.938778426,2.299295192,0.520411222,1.114126607,0.974410189,0.560460617,1.438513561,1.256282526,1.274636922,1.745673208,0.683295426,0.511232744,0.902130376,1.264073999,1.123084718,0.659000755,0.909545728,0.545619697,1.607676373,1.517634791,1.264028485,1.065778126,0.890517834,0.824669283,1.037177882,1.467928064,0.859697851,1.537893337,1.41426508,0.54245723,1.067555578,1.006617388,1.95408645,0.937289869,1.399658503,1.565561916,0.955503707,1.051356805,0.695914354,0.493841135,0.98888316,1.167582458,1.53749963,1.127006754,1.042156784,0.555747641,1.229788722,0.995074783,1.394392173,0.915290339,1.388955689,1.078788499,1.241901101,0.481809183,1.115493838,1.737981242,0.598902506,0.736130805,0.963918105,1.204109727,1.012993773,0.918618293,1.172699296,1.56641827,0.787383712,1.851665459,1.000326425,0.919615585,1.815516722,1.338590833,1.780389395,1.126397545,0.763751083,2.21517303,0.944013526,1.089552405,1.313306591,1.429351218,1.228130037,1.28042947,1.083895728,0.970545207,1.232239073,1.235876256,0.85168271,0.850646826,1.02713256,1.221275835,1.126694107,1.663823052,1.25400313,0.263384208,1.048260521,0.860233471,1.005814077,0.851114498,1.279415979,1.017439419,0.951276966,0.949804293,1.194966004,0.931519509,1.06760616,0.993624267,1.451530102,-0.027550337,0.591761384,1.506193919,1.459234452,0.31053688,0.413651565,0.836670015,1.63903088,1.12291629,1.69381314,0.916408695,0.991690572,0.842470344,1.124208503,0.155780425,1.04662007,1.382173649,0.653213255,1.472587543,0.952131828,1.454909324,1.14319404,1.80659632,1.248741605,0.284564517,1.42163652,0.706008592,0.696401305,1.730263629,0.623892616,1.366873397,1.285036666,0.925622076,NA,NA,NA,NA,NA,NA,NA
"26","IBRH16",0.547122105,2.00055042,0.900140414,1.289468618,1.367800686,0.364702195,1.091769755,0.151429395,0.293130501,0.658614599,-0.121669047,0.212327134,1.50877166,1.000106059,1.132136741,1.536627322,0.385048387,1.094438474,1.32094764,0.831237341,0.065199889,0.850299184,0.812878704,0.900713154,1.216975673,0.797070051,0.194735689,0.871989141,1.580038033,1.108700045,-0.220175594,0.654198998,1.09618837,0.636610688,1.319943564,0.697807927,1.630801156,1.199457592,1.401827334,0.989670488,1.066288258,0.725951963,0.70860802,1.139920915,0.778681204,0.773424151,-0.268090468,0.819460891,0.751346527,0.680654482,1.590900305,0.734470676,1.275340117,0.922542806,1.218486807,1.050754442,0.766018233,0.880918364,0.738217901,1.184857091,-0.150180719,0.374187522,0.369368741,0.691245368,0.489626087,0.385479733,1.752727078,1.339934772,0.480540896,0.70275236,0.706191919,0.853115336,0.82136512,0.532016207,0.774804983,0.871408551,0.414167249,0.722305754,0.344819553,1.052564477,0.320864583,1.209166778,0.6574045,1.143330126,0.420751464,0.754739049,0.720701249,1.547866577,0.680058778,0.330374595,0.445660875,0.474884894,1.526594652,0.199339016,0.569841918,1.445335041,0.411406983,0.607829261,1.081774884,0.789030106,0.862933549,0.975663881,0.852895223,0.549844948,1.176474405,0.647696663,0.168970426,0.122582852,0.366530131,0.35600357,1.470729255,0.731837363,0.534563175,0.912192001,0.47694355,0.761571867,0.350429978,0.507607945,0.961189578,1.559144358,0.130728832,0.875824238,0.892522997,0.593275476,0.271837819,0.986584667,-0.050657791,0.746878472,0.132125387,1.284740116,0.601777822,0.345078034,0.526184596,0.511583843,1.001867357,0.379912824,1.503843205,1.146827278,0.038587904,0.812717285,0.506363479,1.215763715,0.743103228,1.150259598,1.392636814,0.590738105,NA,NA,NA,NA,NA,NA,NA,NA,NA,NA,NA,NA,NA,NA,NA,NA,NA,NA,NA,NA,NA,NA,NA,NA,NA,NA,NA,NA,NA
"27","IBRH17",1.498617358,0.161126069,0.49469265,1.38008396,1.229232607,0.774348203,0.663644223,2.123797149,0.726491312,1.297695877,0.03168853,1.923887601,2.26446278,2.70309841,1.009810424,0.339319954,1.884481711,1.475186561,0.748703998,1.128086192,1.526982272,1.432224926,1.823786644,1.571485252,1.951010093,0.927970023,1.130196793,1.985878958,1.94127589,1.415825924,1.344882403,1.362400094,1.103129141,1.451445923,1.531865776,0.771275924,0.993327077,1.331714257,1.2790847,2.317135667,1.144069114,1.215435013,1.751399015,0.49387061,1.112469609,0.99809352,1.852530869,1.348979905,1.483571063,1.254941157,1.275319748,1.391964587,0.840644035,2.226444879,1.917057916,1.224025442,1.383945451,0.638343176,1.997686972,1.251858874,1.138212202,1.258608287,0.551403442,1.528754042,1.435077348,1.184157964,1.373028353,1.571115631,0.38770136,1.55330696,1.498791916,1.921576234,1.546310104,2.610978689,1.830367371,1.986031515,1.723572828,1.58063362,1.568301777,-0.717857981,1.560369787,NA,NA,NA,NA,NA,NA,NA,NA,NA,NA,NA,NA,NA,NA,NA,NA,NA,NA,NA,NA,NA,NA,NA,NA,NA,NA,NA,NA,NA,NA,NA,NA,NA,NA,NA,NA,NA,NA,NA,NA,NA,NA,NA,NA,NA,NA,NA,NA,NA,NA,NA,NA,NA,NA,NA,NA,NA,NA,NA,NA,NA,NA,NA,NA,NA,NA,NA,NA,NA,NA,NA,NA,NA,NA,NA,NA,NA,NA,NA,NA,NA,NA,NA,NA,NA,NA,NA,NA,NA,NA,NA,NA,NA,NA
"28","IBRH18",0.998423713,1.068680684,1.002212269,0.748286466,1.108254054,0.752402593,1.170765387,0.125760623,0.428797948,0.048640802,-0.267771417,0.259638371,0.153056614,-0.296368158,0.966333688,0.969344647,1.185821954,1.006899759,0.253539963,0.46127342,-0.292776151,0.576938526,-0.381751072,0.641234336,0.351526997,1.484427417,0.934274274,0.07582973,0.699614691,-0.418940227,1.262503157,0.798390025,1.308212023,0.613477949,-0.111493795,0.322439078,0.695406146,0.091575316,0.305685551,0.166836586,0.186014933,0.688549256,0.081350783,0.35014407,0.965785005,0.033200379,-0.04677681,0.284863225,1.123968016,-0.140978079,0.381544408,0.397604549,0.683208232,0.796987535,0.660248952,0.461299014,0.202407148,0.540960643,0.105028731,0.360278618,0.488252324,NA,NA,NA,NA,NA,NA,NA,NA,NA,NA,NA,NA,NA,NA,NA,NA,NA,NA,NA,NA,NA,NA,NA,NA,NA,NA,NA,NA,NA,NA,NA,NA,NA,NA,NA,NA,NA,NA,NA,NA,NA,NA,NA,NA,NA,NA,NA,NA,NA,NA,NA,NA,NA,NA,NA,NA,NA,NA,NA,NA,NA,NA,NA,NA,NA,NA,NA,NA,NA,NA,NA,NA,NA,NA,NA,NA,NA,NA,NA,NA,NA,NA,NA,NA,NA,NA,NA,NA,NA,NA,NA,NA,NA,NA,NA,NA,NA,NA,NA,NA,NA,NA,NA,NA,NA,NA,NA,NA,NA,NA,NA,NA,NA,NA
"29","IBRH19",-0.860976566,-0.150588211,-1.164268578,-0.651330039,-1.078889848,-1.289116862,0.138646134,-1.048862095,0.452593542,-0.401859265,-1.761592229,0.297497545,0.226187707,-0.149604945,-0.819514175,-0.574967848,-0.670818616,-0.587375586,-0.724288853,-0.285428805,-0.78870412,-0.211247583,-0.307366122,-1.09095545,-0.111459153,-1.099453229,0.137579596,-0.893622647,-0.577649302,-0.517907869,-0.131139357,-0.40479731,-0.369292394,-0.643614931,-0.371708381,-1.0577714,0.119219075,-0.018378145,-0.607136578,-0.333917497,-0.405988444,-0.204520069,-0.885557818,-1.084031673,-0.577239071,-1.121427415,-0.482436779,-0.367930446,-0.205533805,0.11860939,-0.245226439,-0.040526661,-0.762199874,-0.39335768,-0.419220635,-1.09517571,0.209583861,-1.405210273,-0.781764811,-0.518035453,-0.777130582,-0.934564698,-0.91212857,-1.315397011,-0.474953861,-0.238132992,-0.789279726,-0.241570376,-0.713851096,0.103804892,-0.015035908,-0.560441584,-1.073807491,-0.382129355,-1.00508942,-0.504791128,-0.82994075,0.009447348,-0.409649378,-0.093656238,-0.815498245,-0.182198019,-0.472464725,-1.254272104,-0.547313737,-0.757170537,-0.236879792,-0.866818925,-0.706895428,-1.245007039,-0.075336638,-0.764764349,0.168268826,-0.562718992,-0.007074634,-0.939755885,0.036619244,-0.487767351,-0.797677485,-0.097910561,-0.889704543,-0.473079697,-0.575769585,-0.739723453,-0.404147656,-0.372962399,-0.187671772,-0.595526168,-0.683284784,-1.013868568,-0.600950799,-1.002062036,-0.477514215,-0.08050754,-0.27197563,-0.219848924,-0.474630071,0.074031122,-0.411487195,-1.356142756,-0.111776397,-0.150243166,-0.816812671,-0.152717941,-0.834482082,-0.357297923,NA,NA,NA,NA,NA,NA,NA,NA,NA,NA,NA,NA,NA,NA,NA,NA,NA,NA,NA,NA,NA,NA,NA,NA,NA,NA,NA,NA,NA,NA,NA,NA,NA,NA,NA,NA,NA,NA,NA,NA,NA,NA,NA,NA,NA,NA,NA,NA,NA
"30","IBRH20",-0.893147774,-0.253506828,-1.026923185,0.472234847,-0.940316966,-0.229477383,-0.544652438,0.045398341,-0.891692898,-0.89028457,-0.332759247,-0.01179599,0.180982733,-0.700385845,-0.796168607,0.196281313,0.515626503,0.612266397,0.092886197,0.100233293,0.358681696,-0.3376399,-0.455736165,0.066700955,-0.294480197,-2.063848843,0.034485199,0.103226993,-1.1305021,0.74220558,-0.228313023,-0.929848405,0.505128272,-0.486328781,-0.546912434,-0.415851591,0.243397415,-1.307191782,0.063313577,-0.961601986,-0.357848016,-1.131054004,0.306290784,-0.023611833,-0.566906288,0.684646244,-1.01616985,-0.178895505,-0.358443226,-0.734403146,0.100167036,0.094552825,-0.962273112,-1.183750433,-0.178892083,0.012286578,-0.037995067,-1.021138674,-0.43995659,-0.569738063,-0.074095594,-0.404348758,-0.43886579,-0.219861176,-0.30814532,0.116234658,-0.117349063,-0.763712839,-0.225235121,-0.289690537,-0.699574406,-0.480173001,-0.805417445,-0.795887349,-0.44614838,-0.387086464,0.427607088,NA,NA,NA,NA,NA,NA,NA,NA,NA,NA,NA,NA,NA,NA,NA,NA,NA,NA,NA,NA,NA,NA,NA,NA,NA,NA,NA,NA,NA,NA,NA,NA,NA,NA,NA,NA,NA,NA,NA,NA,NA,NA,NA,NA,NA,NA,NA,NA,NA,NA,NA,NA,NA,NA,NA,NA,NA,NA,NA,NA,NA,NA,NA,NA,NA,NA,NA,NA,NA,NA,NA,NA,NA,NA,NA,NA,NA,NA,NA,NA,NA,NA,NA,NA,NA,NA,NA,NA,NA,NA,NA,NA,NA,NA,NA,NA,NA,NA
"31","KNGH10",0.148003187,-0.231198211,0.452538571,-0.06014935,-0.542109377,-0.187045668,-0.961281047,-0.495289485,1.18974532,-0.012764258,-0.136773945,0.556546747,-0.094034238,0.535988446,-0.428814516,-0.564309496,-0.25697818,0.563672207,0.280676248,1.106876708,0.289702721,0.793274127,0.781330849,0.438623051,0.596605632,-0.321179272,0.59650698,-0.281940481,1.109865199,0.451361757,0.253974461,0.729271158,0.772562894,0.292431877,NA,NA,NA,NA,NA,NA,NA,NA,NA,NA,NA,NA,NA,NA,NA,NA,NA,NA,NA,NA,NA,NA,NA,NA,NA,NA,NA,NA,NA,NA,NA,NA,NA,NA,NA,NA,NA,NA,NA,NA,NA,NA,NA,NA,NA,NA,NA,NA,NA,NA,NA,NA,NA,NA,NA,NA,NA,NA,NA,NA,NA,NA,NA,NA,NA,NA,NA,NA,NA,NA,NA,NA,NA,NA,NA,NA,NA,NA,NA,NA,NA,NA,NA,NA,NA,NA,NA,NA,NA,NA,NA,NA,NA,NA,NA,NA,NA,NA,NA,NA,NA,NA,NA,NA,NA,NA,NA,NA,NA,NA,NA,NA,NA,NA,NA,NA,NA,NA,NA,NA,NA,NA,NA,NA,NA,NA,NA,NA,NA,NA,NA,NA,NA,NA,NA,NA,NA,NA,NA,NA,NA
"32","KNGH11",-1.042201547,-1.398771342,0.606827545,-1.429400507,-1.013321456,-1.747253214,-2.611763229,-0.01078192,-0.854894247,-0.695147691,-0.647349666,-1.323531824,-1.175433934,-0.36220794,-0.594777164,-0.679589567,-0.303572945,NA,NA,NA,NA,NA,NA,NA,NA,NA,NA,NA,NA,NA,NA,NA,NA,NA,NA,NA,NA,NA,NA,NA,NA,NA,NA,NA,NA,NA,NA,NA,NA,NA,NA,NA,NA,NA,NA,NA,NA,NA,NA,NA,NA,NA,NA,NA,NA,NA,NA,NA,NA,NA,NA,NA,NA,NA,NA,NA,NA,NA,NA,NA,NA,NA,NA,NA,NA,NA,NA,NA,NA,NA,NA,NA,NA,NA,NA,NA,NA,NA,NA,NA,NA,NA,NA,NA,NA,NA,NA,NA,NA,NA,NA,NA,NA,NA,NA,NA,NA,NA,NA,NA,NA,NA,NA,NA,NA,NA,NA,NA,NA,NA,NA,NA,NA,NA,NA,NA,NA,NA,NA,NA,NA,NA,NA,NA,NA,NA,NA,NA,NA,NA,NA,NA,NA,NA,NA,NA,NA,NA,NA,NA,NA,NA,NA,NA,NA,NA,NA,NA,NA,NA,NA,NA,NA,NA,NA
"33","KNGH18",0.95205338,0.278646934,0.740995385,0.296072692,1.155969076,0.130926176,0.674623787,0.863972018,0.573522416,1.30955939,0.989846894,0.17487408,0.610574017,-0.317160537,-0.453988498,-0.153268335,-0.173612479,1.587609921,0.23440885,0.273429935,0.429995278,-0.587876546,-0.000512299,0.475026809,-0.015600041,-0.380398257,-0.012384401,0.920861529,0.348478195,-0.445597636,0.229377782,0.969131775,0.960930315,0.500457448,0.138383975,-0.142326072,-0.44265041,0.060052708,-0.284058743,NA,NA,NA,NA,NA,NA,NA,NA,NA,NA,NA,NA,NA,NA,NA,NA,NA,NA,NA,NA,NA,NA,NA,NA,NA,NA,NA,NA,NA,NA,NA,NA,NA,NA,NA,NA,NA,NA,NA,NA,NA,NA,NA,NA,NA,NA,NA,NA,NA,NA,NA,NA,NA,NA,NA,NA,NA,NA,NA,NA,NA,NA,NA,NA,NA,NA,NA,NA,NA,NA,NA,NA,NA,NA,NA,NA,NA,NA,NA,NA,NA,NA,NA,NA,NA,NA,NA,NA,NA,NA,NA,NA,NA,NA,NA,NA,NA,NA,NA,NA,NA,NA,NA,NA,NA,NA,NA,NA,NA,NA,NA,NA,NA,NA,NA,NA,NA,NA,NA,NA,NA,NA,NA,NA,NA,NA,NA,NA,NA,NA,NA,NA,NA,NA,NA,NA
"34","KNGH19",-1.411347827,-2.012288626,-0.574513748,-0.578787666,0.246173789,-0.435323305,-1.917688052,-0.539660199,-0.079873615,0.952762803,-0.823631214,0.036026462,1.048970704,0.85850177,-0.155956989,-0.297315208,-0.835907312,-0.307746103,-1.39992028,-1.960465845,-0.208986399,0.115805698,-1.739874425,-1.796482346,NA,NA,NA,NA,NA,NA,NA,NA,NA,NA,NA,NA,NA,NA,NA,NA,NA,NA,NA,NA,NA,NA,NA,NA,NA,NA,NA,NA,NA,NA,NA,NA,NA,NA,NA,NA,NA,NA,NA,NA,NA,NA,NA,NA,NA,NA,NA,NA,NA,NA,NA,NA,NA,NA,NA,NA,NA,NA,NA,NA,NA,NA,NA,NA,NA,NA,NA,NA,NA,NA,NA,NA,NA,NA,NA,NA,NA,NA,NA,NA,NA,NA,NA,NA,NA,NA,NA,NA,NA,NA,NA,NA,NA,NA,NA,NA,NA,NA,NA,NA,NA,NA,NA,NA,NA,NA,NA,NA,NA,NA,NA,NA,NA,NA,NA,NA,NA,NA,NA,NA,NA,NA,NA,NA,NA,NA,NA,NA,NA,NA,NA,NA,NA,NA,NA,NA,NA,NA,NA,NA,NA,NA,NA,NA,NA,NA,NA,NA,NA,NA,NA
"35","KNGH20",0.799998937,-0.590236654,-0.762598955,-0.161478962,-0.185275714,-0.772800649,-1.186211241,-0.550380987,-0.216040686,-0.137466003,0.159310267,0.773289522,0.433178508,-0.061850074,0.251450413,-0.404556969,-0.602141123,0.434994078,-0.559048316,1.016820226,-0.663755672,-0.265640947,-0.823478082,-1.024529573,NA,NA,NA,NA,NA,NA,NA,NA,NA,NA,NA,NA,NA,NA,NA,NA,NA,NA,NA,NA,NA,NA,NA,NA,NA,NA,NA,NA,NA,NA,NA,NA,NA,NA,NA,NA,NA,NA,NA,NA,NA,NA,NA,NA,NA,NA,NA,NA,NA,NA,NA,NA,NA,NA,NA,NA,NA,NA,NA,NA,NA,NA,NA,NA,NA,NA,NA,NA,NA,NA,NA,NA,NA,NA,NA,NA,NA,NA,NA,NA,NA,NA,NA,NA,NA,NA,NA,NA,NA,NA,NA,NA,NA,NA,NA,NA,NA,NA,NA,NA,NA,NA,NA,NA,NA,NA,NA,NA,NA,NA,NA,NA,NA,NA,NA,NA,NA,NA,NA,NA,NA,NA,NA,NA,NA,NA,NA,NA,NA,NA,NA,NA,NA,NA,NA,NA,NA,NA,NA,NA,NA,NA,NA,NA,NA,NA,NA,NA,NA,NA,NA
"36","KNGH21",-1.667535068,0.039940486,-0.561909278,0.688351433,-0.811725025,0.527834556,-0.06959955,-0.50566502,-0.256223235,-0.087273274,-1.682879609,0.67738076,-0.63390976,-1.228274424,0.3416732,-0.876071252,-0.992891279,-1.28865293,-0.358836151,-0.789295729,-0.231981515,-0.254655245,-0.630823214,-0.769749231,-0.909009817,NA,NA,NA,NA,NA,NA,NA,NA,NA,NA,NA,NA,NA,NA,NA,NA,NA,NA,NA,NA,NA,NA,NA,NA,NA,NA,NA,NA,NA,NA,NA,NA,NA,NA,NA,NA,NA,NA,NA,NA,NA,NA,NA,NA,NA,NA,NA,NA,NA,NA,NA,NA,NA,NA,NA,NA,NA,NA,NA,NA,NA,NA,NA,NA,NA,NA,NA,NA,NA,NA,NA,NA,NA,NA,NA,NA,NA,NA,NA,NA,NA,NA,NA,NA,NA,NA,NA,NA,NA,NA,NA,NA,NA,NA,NA,NA,NA,NA,NA,NA,NA,NA,NA,NA,NA,NA,NA,NA,NA,NA,NA,NA,NA,NA,NA,NA,NA,NA,NA,NA,NA,NA,NA,NA,NA,NA,NA,NA,NA,NA,NA,NA,NA,NA,NA,NA,NA,NA,NA,NA,NA,NA,NA,NA,NA,NA,NA,NA,NA,NA
"37","KNGH22",-1.42958072,-1.277156497,-0.376289325,-0.133557175,-0.232333874,NA,NA,NA,NA,NA,NA,NA,NA,NA,NA,NA,NA,NA,NA,NA,NA,NA,NA,NA,NA,NA,NA,NA,NA,NA,NA,NA,NA,NA,NA,NA,NA,NA,NA,NA,NA,NA,NA,NA,NA,NA,NA,NA,NA,NA,NA,NA,NA,NA,NA,NA,NA,NA,NA,NA,NA,NA,NA,NA,NA,NA,NA,NA,NA,NA,NA,NA,NA,NA,NA,NA,NA,NA,NA,NA,NA,NA,NA,NA,NA,NA,NA,NA,NA,NA,NA,NA,NA,NA,NA,NA,NA,NA,NA,NA,NA,NA,NA,NA,NA,NA,NA,NA,NA,NA,NA,NA,NA,NA,NA,NA,NA,NA,NA,NA,NA,NA,NA,NA,NA,NA,NA,NA,NA,NA,NA,NA,NA,NA,NA,NA,NA,NA,NA,NA,NA,NA,NA,NA,NA,NA,NA,NA,NA,NA,NA,NA,NA,NA,NA,NA,NA,NA,NA,NA,NA,NA,NA,NA,NA,NA,NA,NA,NA,NA,NA,NA,NA,NA,NA
"38","SITH03",-0.204320668,-1.213448795,-0.255443631,-0.188030179,-0.253302331,-0.739108827,-0.422053789,-0.100138891,-1.367286931,-1.389529614,-1.152197922,-0.191203928,-0.481911394,-0.845693135,-1.052204082,-0.977568218,-0.713016053,-0.116928526,-0.967191016,-0.705726339,-0.855059995,-0.189547206,-0.725733217,-0.180297687,-0.505916944,-0.322216296,-0.562493313,-1.130183438,-0.363548806,-0.559493828,-0.428030802,-0.228832463,-0.384817244,-0.433092529,-0.475433168,-0.654156253,-0.288173566,-0.624393827,NA,NA,NA,NA,NA,NA,NA,NA,NA,NA,NA,NA,NA,NA,NA,NA,NA,NA,NA,NA,NA,NA,NA,NA,NA,NA,NA,NA,NA,NA,NA,NA,NA,NA,NA,NA,NA,NA,NA,NA,NA,NA,NA,NA,NA,NA,NA,NA,NA,NA,NA,NA,NA,NA,NA,NA,NA,NA,NA,NA,NA,NA,NA,NA,NA,NA,NA,NA,NA,NA,NA,NA,NA,NA,NA,NA,NA,NA,NA,NA,NA,NA,NA,NA,NA,NA,NA,NA,NA,NA,NA,NA,NA,NA,NA,NA,NA,NA,NA,NA,NA,NA,NA,NA,NA,NA,NA,NA,NA,NA,NA,NA,NA,NA,NA,NA,NA,NA,NA,NA,NA,NA,NA,NA,NA,NA,NA,NA,NA,NA,NA,NA,NA,NA,NA,NA,NA
"39","SITH04",-0.966116623,-1.437374045,-0.90611025,-0.866508608,-0.61961495,-0.878937462,-0.65094245,-1.280791326,-0.814974458,0.198371439,-0.618137223,-0.269616715,-0.356932501,-0.486492009,-1.102062815,-1.036609762,-0.235398046,-0.413859485,-0.042883439,-0.378901538,-0.966214599,-0.249152472,-0.473581278,NA,NA,NA,NA,NA,NA,NA,NA,NA,NA,NA,NA,NA,NA,NA,NA,NA,NA,NA,NA,NA,NA,NA,NA,NA,NA,NA,NA,NA,NA,NA,NA,NA,NA,NA,NA,NA,NA,NA,NA,NA,NA,NA,NA,NA,NA,NA,NA,NA,NA,NA,NA,NA,NA,NA,NA,NA,NA,NA,NA,NA,NA,NA,NA,NA,NA,NA,NA,NA,NA,NA,NA,NA,NA,NA,NA,NA,NA,NA,NA,NA,NA,NA,NA,NA,NA,NA,NA,NA,NA,NA,NA,NA,NA,NA,NA,NA,NA,NA,NA,NA,NA,NA,NA,NA,NA,NA,NA,NA,NA,NA,NA,NA,NA,NA,NA,NA,NA,NA,NA,NA,NA,NA,NA,NA,NA,NA,NA,NA,NA,NA,NA,NA,NA,NA,NA,NA,NA,NA,NA,NA,NA,NA,NA,NA,NA,NA,NA,NA,NA,NA,NA
"40","SITH05",0.032477388,-0.237338374,0.087645102,0.888785102,1.072666085,0.885735151,0.393636524,-0.012836614,0.762167596,0.295764783,0.779994393,0.723033622,0.468002319,0.112060006,-0.326652123,0.123883858,-0.994326042,0.39943082,-0.035231523,0.156945876,-0.336217012,-1.052864467,-0.190664423,-0.386125764,0.23996058,-0.207735577,0.644187071,-0.997690775,-0.538455594,-0.215573952,-0.676330119,-0.200790717,0.818723473,1.087782691,0.577795192,0.244163057,0.798069891,-0.185268263,0.204211038,0.28595203,0.793125828,0.382761955,0.556399054,0.30535743,0.871838343,0.56691161,0.07053588,0.224337004,0.665264044,0.24690641,0.835563,0.421066095,0.397275587,0.521262058,0.499904497,0.253818926,0.107762893,-0.251520347,0.588299339,0.221991772,-0.478455846,1.129197126,1.250925456,0.486784727,1.141008617,-0.484243735,-0.466093089,NA,NA,NA,NA,NA,NA,NA,NA,NA,NA,NA,NA,NA,NA,NA,NA,NA,NA,NA,NA,NA,NA,NA,NA,NA,NA,NA,NA,NA,NA,NA,NA,NA,NA,NA,NA,NA,NA,NA,NA,NA,NA,NA,NA,NA,NA,NA,NA,NA,NA,NA,NA,NA,NA,NA,NA,NA,NA,NA,NA,NA,NA,NA,NA,NA,NA,NA,NA,NA,NA,NA,NA,NA,NA,NA,NA,NA,NA,NA,NA,NA,NA,NA,NA,NA,NA,NA,NA,NA,NA,NA,NA,NA,NA,NA,NA,NA,NA,NA,NA,NA,NA,NA,NA,NA,NA,NA,NA
"41","SITH06",1.041722466,0.773351006,0.474596117,1.491962117,0.891042978,0.755702131,1.227035335,1.822799789,1.586143101,1.221903774,0.659756532,1.041110129,0.637645266,1.034478212,0.188067136,1.393683695,0.602606293,1.536188246,0.317934685,1.35850604,0.540428721,1.204218229,1.330126106,1.420663832,0.679274438,0.930465882,1.515583804,0.827609102,1.092611701,1.026367071,1.127451905,1.335210597,0.826368801,0.928713335,1.727122473,1.35858326,1.041660414,0.883733192,0.343880826,1.580891793,0.783987283,1.357293758,1.157619858,1.211134033,NA,NA,NA,NA,NA,NA,NA,NA,NA,NA,NA,NA,NA,NA,NA,NA,NA,NA,NA,NA,NA,NA,NA,NA,NA,NA,NA,NA,NA,NA,NA,NA,NA,NA,NA,NA,NA,NA,NA,NA,NA,NA,NA,NA,NA,NA,NA,NA,NA,NA,NA,NA,NA,NA,NA,NA,NA,NA,NA,NA,NA,NA,NA,NA,NA,NA,NA,NA,NA,NA,NA,NA,NA,NA,NA,NA,NA,NA,NA,NA,NA,NA,NA,NA,NA,NA,NA,NA,NA,NA,NA,NA,NA,NA,NA,NA,NA,NA,NA,NA,NA,NA,NA,NA,NA,NA,NA,NA,NA,NA,NA,NA,NA,NA,NA,NA,NA,NA,NA,NA,NA,NA,NA,NA,NA,NA,NA,NA,NA,NA,NA
"42","SITH07",-0.010951326,-0.628168572,-0.020967376,-0.307068155,-0.505325856,0.395499874,-0.291286309,0.111116614,-0.192761888,-0.693188839,-0.302419794,-0.023055916,-0.128585721,-0.294827291,0.51538281,0.547988485,1.18164213,0.140765538,0.134626523,-0.298468997,-0.437829266,1.177436617,-0.126644613,0.459788052,1.500079098,0.848666232,0.63673245,0.706917587,0.690694233,-0.450823641,0.168005062,0.761585791,0.916950129,-0.042313655,0.959569151,-0.270374257,0.550239811,0.423075321,1.356040341,0.064108357,0.441676643,-0.725832636,0.288337343,0.044637176,0.395492384,0.25597345,-0.266635996,-0.338997324,-0.61557668,-0.148018287,NA,NA,NA,NA,NA,NA,NA,NA,NA,NA,NA,NA,NA,NA,NA,NA,NA,NA,NA,NA,NA,NA,NA,NA,NA,NA,NA,NA,NA,NA,NA,NA,NA,NA,NA,NA,NA,NA,NA,NA,NA,NA,NA,NA,NA,NA,NA,NA,NA,NA,NA,NA,NA,NA,NA,NA,NA,NA,NA,NA,NA,NA,NA,NA,NA,NA,NA,NA,NA,NA,NA,NA,NA,NA,NA,NA,NA,NA,NA,NA,NA,NA,NA,NA,NA,NA,NA,NA,NA,NA,NA,NA,NA,NA,NA,NA,NA,NA,NA,NA,NA,NA,NA,NA,NA,NA,NA,NA,NA,NA,NA,NA,NA,NA,NA,NA,NA,NA,NA,NA,NA,NA,NA,NA,NA
"43","SITH08",-0.858210494,0.302353997,0.376541295,-0.035909835,-0.022008107,-0.170962349,0.636950048,-0.081338023,-0.113755827,0.13254212,-0.631696886,0.350045555,-0.59999196,1.467855999,0.695564288,0.373199899,-0.509873709,-0.007203605,0.499109234,0.321787045,0.094503922,-0.030935337,-0.425863696,0.083378382,0.14750153,-0.333204859,0.007734802,1.001351739,-1.713960353,-1.635568229,-0.269440014,0.149036923,0.053131673,0.071225515,0.550338029,0.204266245,-0.139008749,0.026173132,-0.65166597,-0.110922086,0.07833259,0.402268854,-0.015642464,-0.165350717,-0.288609532,-0.081231601,0.450132214,0.147637589,0.642309618,0.340813679,NA,NA,NA,NA,NA,NA,NA,NA,NA,NA,NA,NA,NA,NA,NA,NA,NA,NA,NA,NA,NA,NA,NA,NA,NA,NA,NA,NA,NA,NA,NA,NA,NA,NA,NA,NA,NA,NA,NA,NA,NA,NA,NA,NA,NA,NA,NA,NA,NA,NA,NA,NA,NA,NA,NA,NA,NA,NA,NA,NA,NA,NA,NA,NA,NA,NA,NA,NA,NA,NA,NA,NA,NA,NA,NA,NA,NA,NA,NA,NA,NA,NA,NA,NA,NA,NA,NA,NA,NA,NA,NA,NA,NA,NA,NA,NA,NA,NA,NA,NA,NA,NA,NA,NA,NA,NA,NA,NA,NA,NA,NA,NA,NA,NA,NA,NA,NA,NA,NA,NA,NA,NA,NA,NA,NA
"44","SITH09",0.462034295,0.158850605,0.011728125,-0.215649775,0.30879174,0.191480156,-0.340362708,-0.807790645,-1.255333924,-1.272715473,-0.846083311,0.274849898,-0.158981609,-0.429725165,-0.828686766,-1.454193376,-1.242693921,-1.582788355,-0.080374523,-0.170324224,-0.337864583,-0.117746425,-0.236123484,0.061160446,-0.340320709,-0.89347432,-0.609287817,-1.463641559,-1.117671927,-0.869852502,-0.071437868,-0.481262229,-0.07672244,-0.037390881,-0.609852615,-0.360488993,-0.89064901,-0.657348367,-0.287626341,-0.703018429,-0.918147265,-0.188788329,-0.318819146,-0.356400048,-0.675460794,-0.723176799,-1.057711281,-0.459066414,-0.153390716,0.31294209,-0.253577986,-0.760660741,-0.319427571,-0.700479305,-1.250562979,-1.220171642,0.443838285,-0.605614509,-1.189529636,-1.00260323,NA,NA,NA,NA,NA,NA,NA,NA,NA,NA,NA,NA,NA,NA,NA,NA,NA,NA,NA,NA,NA,NA,NA,NA,NA,NA,NA,NA,NA,NA,NA,NA,NA,NA,NA,NA,NA,NA,NA,NA,NA,NA,NA,NA,NA,NA,NA,NA,NA,NA,NA,NA,NA,NA,NA,NA,NA,NA,NA,NA,NA,NA,NA,NA,NA,NA,NA,NA,NA,NA,NA,NA,NA,NA,NA,NA,NA,NA,NA,NA,NA,NA,NA,NA,NA,NA,NA,NA,NA,NA,NA,NA,NA,NA,NA,NA,NA,NA,NA,NA,NA,NA,NA,NA,NA,NA,NA,NA,NA,NA,NA,NA,NA,NA,NA
"45","SITH10",0.33551545,0.534272202,-0.022262576,1.093363858,-0.211682668,0.069225208,-1.031906378,-1.080109082,-0.061346579,-0.133180593,-0.602732301,-0.101730658,-0.120261396,-0.003115559,-0.299128721,-0.035030317,0.684988697,-0.330297844,-0.139001903,-0.429898536,-0.427301716,-0.364429324,1.606330402,0.458628069,1.444894472,0.763997938,0.501724763,0.895206173,0.474342612,1.360040001,0.506816444,0.765994472,0.324725249,1.16950377,0.699012102,0.771410439,1.222444628,0.2512786,0.203321957,-0.165335312,NA,NA,NA,NA,NA,NA,NA,NA,NA,NA,NA,NA,NA,NA,NA,NA,NA,NA,NA,NA,NA,NA,NA,NA,NA,NA,NA,NA,NA,NA,NA,NA,NA,NA,NA,NA,NA,NA,NA,NA,NA,NA,NA,NA,NA,NA,NA,NA,NA,NA,NA,NA,NA,NA,NA,NA,NA,NA,NA,NA,NA,NA,NA,NA,NA,NA,NA,NA,NA,NA,NA,NA,NA,NA,NA,NA,NA,NA,NA,NA,NA,NA,NA,NA,NA,NA,NA,NA,NA,NA,NA,NA,NA,NA,NA,NA,NA,NA,NA,NA,NA,NA,NA,NA,NA,NA,NA,NA,NA,NA,NA,NA,NA,NA,NA,NA,NA,NA,NA,NA,NA,NA,NA,NA,NA,NA,NA,NA,NA,NA,NA,NA,NA,NA,NA
"46","SITH11",0.713945653,0.723201464,0.428642901,-0.658457733,0.937671445,0.403963702,0.347792208,0.069463419,0.128255085,0.343582808,0.121221434,0.208963413,0.352253093,-0.141674781,-0.011059848,-0.212093881,-0.092329151,0.528504251,-0.425954193,0.453914713,1.306714873,0.752869402,0.719426059,0.985987419,1.052016166,1.241961075,0.675750646,0.970209168,0.438825246,0.563016996,1.193783147,1.349879733,0.917706261,0.320690359,1.593292932,-0.08210418,0.903465161,0.920723976,1.102777585,0.709573183,0.268503726,0.408719758,0.686031178,0.958981106,1.300338967,0.864826502,NA,NA,NA,NA,NA,NA,NA,NA,NA,NA,NA,NA,NA,NA,NA,NA,NA,NA,NA,NA,NA,NA,NA,NA,NA,NA,NA,NA,NA,NA,NA,NA,NA,NA,NA,NA,NA,NA,NA,NA,NA,NA,NA,NA,NA,NA,NA,NA,NA,NA,NA,NA,NA,NA,NA,NA,NA,NA,NA,NA,NA,NA,NA,NA,NA,NA,NA,NA,NA,NA,NA,NA,NA,NA,NA,NA,NA,NA,NA,NA,NA,NA,NA,NA,NA,NA,NA,NA,NA,NA,NA,NA,NA,NA,NA,NA,NA,NA,NA,NA,NA,NA,NA,NA,NA,NA,NA,NA,NA,NA,NA,NA,NA,NA,NA,NA,NA,NA,NA,NA,NA,NA,NA,NA,NA,NA,NA,NA,NA
"47","TCGH06",-0.357662887,-0.703517287,-0.943795601,-0.919755428,-0.73070019,-0.339904983,-0.868618352,0.367494827,-0.535870884,0.41594328,-0.393268237,0.025054748,-0.007140138,0.213913486,-0.005349581,0.467633602,0.444752075,0.309136857,0.359212862,-0.127165544,0.039054601,0.346686242,0.256495442,0.727366124,0.887334237,0.424747321,0.004833701,0.401858797,-0.404217711,0.358164409,0.642379843,1.105160687,0.428579028,-0.33162046,-0.061967641,-0.057596637,0.119663373,0.371896059,-0.284890362,-0.238362179,-0.656569409,-0.057282334,0.231137476,0.128190757,0.350793947,0.561515804,-0.128408027,0.201590678,0.130297829,-0.04609805,0.042960511,0.71335696,-0.149976875,0.491629132,0.771196575,-0.027242699,-0.216056201,-0.272052545,-0.190173988,-0.199553365,-0.011357868,0.050340298,-0.172550847,0.169019761,0.800009156,0.133578768,0.172073487,0.809038535,0.238277711,0.097240412,0.267509717,0.281124079,-0.348108207,-0.302824341,0.076573308,NA,NA,NA,NA,NA,NA,NA,NA,NA,NA,NA,NA,NA,NA,NA,NA,NA,NA,NA,NA,NA,NA,NA,NA,NA,NA,NA,NA,NA,NA,NA,NA,NA,NA,NA,NA,NA,NA,NA,NA,NA,NA,NA,NA,NA,NA,NA,NA,NA,NA,NA,NA,NA,NA,NA,NA,NA,NA,NA,NA,NA,NA,NA,NA,NA,NA,NA,NA,NA,NA,NA,NA,NA,NA,NA,NA,NA,NA,NA,NA,NA,NA,NA,NA,NA,NA,NA,NA,NA,NA,NA,NA,NA,NA,NA,NA,NA,NA,NA,NA
"48","TCGH07",1.398346887,1.027552607,1.129816228,0.067049165,1.600222941,1.557046661,1.430005174,0.757676446,1.139603154,-0.134708851,0.099186585,0.597659656,0.213064939,1.745598146,0.896194294,0.966960685,1.638581422,0.860129157,1.957879793,0.281820556,0.285484609,-0.362523076,0.365095448,0.067220022,0.717415724,0.117246397,-0.043962009,0.708245105,0.839798503,0.57801046,0.593157173,0.434654437,0.159035596,0.445315538,0.435655869,-0.267733152,-0.181027671,-0.100410374,0.284165637,-0.07257742,0.277126421,0.15568903,0.922369207,0.155130981,-0.124470003,0.39898766,0.209783152,-0.211995125,0.405286334,0.60948592,0.161328084,0.630814478,0.156609576,-0.054902451,0.972897063,1.194255785,-0.159178823,-0.013448434,1.482136824,NA,NA,NA,NA,NA,NA,NA,NA,NA,NA,NA,NA,NA,NA,NA,NA,NA,NA,NA,NA,NA,NA,NA,NA,NA,NA,NA,NA,NA,NA,NA,NA,NA,NA,NA,NA,NA,NA,NA,NA,NA,NA,NA,NA,NA,NA,NA,NA,NA,NA,NA,NA,NA,NA,NA,NA,NA,NA,NA,NA,NA,NA,NA,NA,NA,NA,NA,NA,NA,NA,NA,NA,NA,NA,NA,NA,NA,NA,NA,NA,NA,NA,NA,NA,NA,NA,NA,NA,NA,NA,NA,NA,NA,NA,NA,NA,NA,NA,NA,NA,NA,NA,NA,NA,NA,NA,NA,NA,NA,NA,NA,NA,NA,NA,NA,NA
"49","TCGH08",0.665568753,-0.4896786,0.548075161,-0.193242179,0.789514891,0.570953206,-0.733231258,-0.130109118,-0.033972136,-0.413725806,-0.378292298,0.036287636,-0.543435059,0.346864289,0.449372176,0.45712706,0.262788528,0.384044618,-0.579634394,-0.241716231,-0.473551193,-0.427433909,-0.664810224,-0.229040306,0.051614696,0.224357247,-0.193886717,-0.20880636,0.50931686,-0.103967379,-0.414319556,1.195609382,0.464376109,0.048698108,NA,NA,NA,NA,NA,NA,NA,NA,NA,NA,NA,NA,NA,NA,NA,NA,NA,NA,NA,NA,NA,NA,NA,NA,NA,NA,NA,NA,NA,NA,NA,NA,NA,NA,NA,NA,NA,NA,NA,NA,NA,NA,NA,NA,NA,NA,NA,NA,NA,NA,NA,NA,NA,NA,NA,NA,NA,NA,NA,NA,NA,NA,NA,NA,NA,NA,NA,NA,NA,NA,NA,NA,NA,NA,NA,NA,NA,NA,NA,NA,NA,NA,NA,NA,NA,NA,NA,NA,NA,NA,NA,NA,NA,NA,NA,NA,NA,NA,NA,NA,NA,NA,NA,NA,NA,NA,NA,NA,NA,NA,NA,NA,NA,NA,NA,NA,NA,NA,NA,NA,NA,NA,NA,NA,NA,NA,NA,NA,NA,NA,NA,NA,NA,NA,NA,NA,NA,NA,NA,NA,NA
"50","TCGH09",0.035166753,0.233945115,0.14016421,0.437454571,0.306709075,0.022341762,-0.043725286,-0.365771219,-0.654274903,0.194294795,0.841089564,0.026812218,-0.615448859,0.148595438,-0.672688998,-0.154946035,-0.524748596,-0.474648597,0.331095998,0.667094029,-0.441190651,-0.363628794,0.183633595,-0.589019353,-0.284561174,0.266739713,-0.396672791,1.100866662,0.088822755,-0.010110638,-0.534675341,0.048527083,-1.344426068,-0.804242637,-0.203555166,-0.051930032,0.2673031,0.223241867,-0.020423711,0.051360254,0.004845069,-0.459444193,0.059752915,0.005418193,-0.598509618,-0.392948998,-0.467286772,0.015918151,0.132465512,0.241475334,-0.460313784,-0.543375555,-0.083105925,0.420028425,-0.210664945,0.512575389,-0.165896267,0.062702099,-0.516212631,0.399081479,-0.204986639,0.03668772,0.471534387,0.193248365,-0.189563787,-0.191685539,0.594671954,-0.308816402,-0.305065415,-0.139014631,-0.48554746,-0.069145392,-0.070270824,0.03330531,0.063000076,-0.164621093,-0.600420514,-0.128484287,0.04104992,0.082266242,0.197085028,-0.057834671,0.167417901,0.037662767,0.083128063,-0.2579986,0.2690552,-0.25360807,0.476589813,-0.08570353,-0.14816834,0.344971674,0.266276125,-0.242317827,0.337297723,-0.223513817,0.547409475,-0.037690504,0.055680104,-0.126300567,-0.246503818,-0.485084237,-0.14089246,0.036830543,-0.273543069,-0.704851068,-0.117743134,-0.469242195,-0.361684997,0.497512115,0.245503088,0.190602606,-0.150218257,-0.179833552,-0.687291789,-0.266717114,1.012489235,-0.17509466,NA,NA,NA,NA,NA,NA,NA,NA,NA,NA,NA,NA,NA,NA,NA,NA,NA,NA,NA,NA,NA,NA,NA,NA,NA,NA,NA,NA,NA,NA,NA,NA,NA,NA,NA,NA,NA,NA,NA,NA,NA,NA,NA,NA,NA,NA,NA,NA,NA,NA,NA,NA,NA,NA,NA,NA,NA
"51","TCGH10",0.835044921,-0.184785562,0.591978689,-0.196455677,0.46525653,-0.05700978,0.584967062,0.205912788,0.506192616,-0.508469375,0.384071757,1.157790287,0.450734264,0.657469156,1.087087349,-0.024571256,0.789352362,1.122475836,0.466357343,0.982536634,0.6626371,0.921093691,0.784889549,0.375940598,1.079580123,0.604227483,0.88268952,0.254733074,0.923531044,0.430373147,0.64001822,0.411048548,0.923769147,0.519887959,0.349611102,0.513824425,0.662128764,0.951411885,1.008140829,0.567102229,0.618381326,1.03518968,0.894770565,0.823890954,0.802667025,0.908787101,0.388775274,0.837616518,0.880626461,0.760870242,1.065479268,0.447514461,0.823638683,0.848305532,0.820391695,0.727410002,0.665668173,0.799596562,0.462449907,0.700231789,1.219811088,0.865759415,0.746378254,0.062990782,0.238929894,0.975859338,1.186594325,0.874187159,0.891249627,0.979915416,0.786180874,0.67688142,0.471882139,1.208223835,0.699276888,1.299001805,0.941825003,0.418367387,0.916020298,0.454966712,1.085508401,0.758619495,0.67291805,0.721894307,0.391318172,0.780943557,-0.662257996,NA,NA,NA,NA,NA,NA,NA,NA,NA,NA,NA,NA,NA,NA,NA,NA,NA,NA,NA,NA,NA,NA,NA,NA,NA,NA,NA,NA,NA,NA,NA,NA,NA,NA,NA,NA,NA,NA,NA,NA,NA,NA,NA,NA,NA,NA,NA,NA,NA,NA,NA,NA,NA,NA,NA,NA,NA,NA,NA,NA,NA,NA,NA,NA,NA,NA,NA,NA,NA,NA,NA,NA,NA,NA,NA,NA,NA,NA,NA,NA,NA,NA,NA,NA,NA,NA,NA,NA
"52","TCGH11",0.432990825,-0.035091356,0.207767315,-0.120041969,0.688057831,0.70367035,0.718321412,0.714275001,0.218609289,0.837461691,-0.01082747,1.395061587,0.598464423,1.421345886,-0.313757349,0.299548846,0.58939838,0.456261483,1.437610107,0.78303847,0.761440659,0.782077291,0.461819185,1.177948536,0.584952934,1.248564214,0.725067591,0.884525148,1.138702577,0.749006046,0.829246125,0.767134446,1.354122525,0.737689083,0.378559479,0.596885881,NA,NA,NA,NA,NA,NA,NA,NA,NA,NA,NA,NA,NA,NA,NA,NA,NA,NA,NA,NA,NA,NA,NA,NA,NA,NA,NA,NA,NA,NA,NA,NA,NA,NA,NA,NA,NA,NA,NA,NA,NA,NA,NA,NA,NA,NA,NA,NA,NA,NA,NA,NA,NA,NA,NA,NA,NA,NA,NA,NA,NA,NA,NA,NA,NA,NA,NA,NA,NA,NA,NA,NA,NA,NA,NA,NA,NA,NA,NA,NA,NA,NA,NA,NA,NA,NA,NA,NA,NA,NA,NA,NA,NA,NA,NA,NA,NA,NA,NA,NA,NA,NA,NA,NA,NA,NA,NA,NA,NA,NA,NA,NA,NA,NA,NA,NA,NA,NA,NA,NA,NA,NA,NA,NA,NA,NA,NA,NA,NA,NA,NA,NA,NA,NA,NA,NA,NA,NA,NA
"53","TCGH12",0.766934554,1.2327676,1.005175215,0.491393381,0.982368359,0.823689058,0.341815068,0.676692148,0.200134389,0.32447133,1.308882117,0.223989277,0.251916359,0.450439175,0.906331244,0.080995702,0.858924609,0.235946019,1.059976092,1.051199465,1.425030607,1.238568824,1.288581182,1.369572658,0.718553047,1.131378085,1.330857738,1.025052425,1.359168145,1.075746423,0.993085023,0.80390161,1.480140962,0.89540803,0.39621281,0.943508227,1.250314516,0.607667356,0.841338559,0.549467284,0.686566218,0.611120734,0.860044742,0.898883581,0.700375039,0.910554948,0.669095212,1.14926868,1.348749168,0.307510486,1.27755166,1.333269568,0.924438039,1.157202382,0.613155339,0.836343468,0.841090133,1.169985112,NA,NA,NA,NA,NA,NA,NA,NA,NA,NA,NA,NA,NA,NA,NA,NA,NA,NA,NA,NA,NA,NA,NA,NA,NA,NA,NA,NA,NA,NA,NA,NA,NA,NA,NA,NA,NA,NA,NA,NA,NA,NA,NA,NA,NA,NA,NA,NA,NA,NA,NA,NA,NA,NA,NA,NA,NA,NA,NA,NA,NA,NA,NA,NA,NA,NA,NA,NA,NA,NA,NA,NA,NA,NA,NA,NA,NA,NA,NA,NA,NA,NA,NA,NA,NA,NA,NA,NA,NA,NA,NA,NA,NA,NA,NA,NA,NA,NA,NA,NA,NA,NA,NA,NA,NA,NA,NA,NA,NA,NA,NA,NA,NA,NA,NA,NA,NA
"54","TCGH13",0.273585493,-0.180955216,0.147889257,0.18788256,0.543172886,-0.376329882,1.192416832,1.488853359,0.074985448,0.490753605,0.420006881,0.152226636,0.677236058,0.605869917,0.807087189,0.441374374,0.54490339,0.490006279,0.603461445,1.0629656,-0.156667631,0.694441444,0.626049857,0.771433911,0.874028995,0.317175763,0.030774207,0.842226877,0.423221767,0.724060126,0.560939221,0.634895588,0.410175453,-0.390726616,0.702417367,0.74212853,0.361148234,0.957877801,0.714896951,0.671175306,0.532796092,0.482382932,0.200569084,0.482372452,-0.005119649,0.890697401,0.74161019,0.670950141,0.033146492,0.563353903,0.578827718,0.234723011,0.395143925,0.290808168,0.946291868,0.882692861,0.990872738,0.622355984,0.363179799,0.250173047,-0.026400012,0.678810099,0.710039857,0.476207083,0.469649789,1.124047839,-0.023563856,0.221107062,0.75107476,-0.001421073,0.359189638,0.607279233,0.833138731,0.735774053,-0.071797829,0.115729732,-0.105883512,0.273001789,0.423333823,1.206271274,0.514099928,0.952432357,0.698736087,-3.48e-05,0.129904001,0.739903656,0.713137567,0.464882382,0.439648996,0.536465904,0.595461165,0.227393452,0.717072577,0.504335433,0.877647304,0.563585948,0.730928695,0.771623787,0.400452265,0.246621623,0.574960111,0.755248883,0.671876815,0.291046059,0.802513052,0.185890861,1.203215898,0.589727755,0.871714142,1.171528177,-0.250327657,0.473404958,0.081723413,0.192657951,0.727516088,0.790604214,0.284165345,0.850996959,0.075640015,-0.184833734,0.553736646,-0.48936393,0.632313869,-0.153892083,0.388098844,NA,NA,NA,NA,NA,NA,NA,NA,NA,NA,NA,NA,NA,NA,NA,NA,NA,NA,NA,NA,NA,NA,NA,NA,NA,NA,NA,NA,NA,NA,NA,NA,NA,NA,NA,NA,NA,NA,NA,NA,NA,NA,NA,NA,NA,NA,NA,NA,NA,NA
"55","TCGH14",0.361401022,0.91578411,0.846722511,0.249662446,0.897711662,-1.05840333,0.548391734,0.591640733,1.217388393,0.71586623,0.199614192,0.127145336,0.541633879,0.889691295,-0.301315868,0.004354728,1.082986555,0.325019594,1.090477397,0.993616235,1.028504763,1.526672165,1.490385455,1.553490602,1.295069898,1.332856955,1.573425817,1.480907389,1.123358393,1.345980682,1.109080207,1.803112461,1.500046552,1.36556571,1.394070913,1.380435701,0.974912911,1.361045794,1.505420399,1.500929366,1.44135958,1.162645399,0.156750973,1.472400518,1.732508419,0.790523881,1.047519091,1.453645775,1.354533214,0.979939008,1.689318699,1.733240761,0.839205373,1.179492712,1.217101447,1.089002481,1.518252605,1.135023071,0.914326662,1.239254138,1.535831932,0.9943785,1.683749701,1.100411993,1.188901246,1.275775767,1.239565174,1.522993474,1.343393269,1.347185873,0.841091802,1.175849455,1.921623182,1.327859727,1.250611342,2.1882902,0.641214237,1.286345665,1.093447129,1.324064005,1.790607488,1.832937259,1.204770274,1.060788745,0.91991708,0.670818581,0.911244301,0.622881343,0.512706431,1.367395059,1.020002917,1.556821383,1.324992421,0.900085944,NA,NA,NA,NA,NA,NA,NA,NA,NA,NA,NA,NA,NA,NA,NA,NA,NA,NA,NA,NA,NA,NA,NA,NA,NA,NA,NA,NA,NA,NA,NA,NA,NA,NA,NA,NA,NA,NA,NA,NA,NA,NA,NA,NA,NA,NA,NA,NA,NA,NA,NA,NA,NA,NA,NA,NA,NA,NA,NA,NA,NA,NA,NA,NA,NA,NA,NA,NA,NA,NA,NA,NA,NA,NA,NA,NA,NA,NA,NA,NA,NA
"56","TCGH15",0.217306218,-0.116875638,-0.164134048,0.398557724,-0.691165884,1.154707442,-0.049828828,-0.843558895,0.16488997,0.905279269,0.820859282,0.760822026,0.704107484,0.453191156,0.577283876,0.161191496,NA,NA,NA,NA,NA,NA,NA,NA,NA,NA,NA,NA,NA,NA,NA,NA,NA,NA,NA,NA,NA,NA,NA,NA,NA,NA,NA,NA,NA,NA,NA,NA,NA,NA,NA,NA,NA,NA,NA,NA,NA,NA,NA,NA,NA,NA,NA,NA,NA,NA,NA,NA,NA,NA,NA,NA,NA,NA,NA,NA,NA,NA,NA,NA,NA,NA,NA,NA,NA,NA,NA,NA,NA,NA,NA,NA,NA,NA,NA,NA,NA,NA,NA,NA,NA,NA,NA,NA,NA,NA,NA,NA,NA,NA,NA,NA,NA,NA,NA,NA,NA,NA,NA,NA,NA,NA,NA,NA,NA,NA,NA,NA,NA,NA,NA,NA,NA,NA,NA,NA,NA,NA,NA,NA,NA,NA,NA,NA,NA,NA,NA,NA,NA,NA,NA,NA,NA,NA,NA,NA,NA,NA,NA,NA,NA,NA,NA,NA,NA,NA,NA,NA,NA,NA,NA,NA,NA,NA,NA
"57","TCGH16",0.063933281,-0.059575975,-0.070634445,-0.140613633,-0.529616941,-0.253772252,-0.067145928,0.57926704,-0.38031279,0.531657313,0.209184746,0.214208214,0.41952985,0.729562001,0.97762815,1.223092768,0.766837015,0.566165114,1.177264251,0.867605362,0.305909557,0.653871411,0.512585834,0.121175234,0.450842181,0.510097282,0.479034218,0.508439891,0.575668719,0.296933326,0.093545198,0.170776105,0.43578707,0.541560186,0.068365198,0.298412549,0.149801178,0.173856131,0.147499881,0.355084311,0.371315914,0.516351763,0.603311252,-0.020203328,0.961513982,-0.196140285,0.983738395,0.808002962,0.351218328,0.236426833,0.403442028,0.353484933,0.480952983,-0.294699176,-0.053828954,0.529053417,0.903658972,0.388065685,0.788374047,0.157455446,-0.136421913,0.851623785,0.464122113,0.364739799,0.773977181,0.081708526,0.767984766,0.195177255,0.934251851,0.30338579,0.369316714,0.386378123,0.283598399,0.668974885,0.297415583,0.447856112,0.299936163,0.213109262,-0.613876177,0.105610359,-0.339939797,NA,NA,NA,NA,NA,NA,NA,NA,NA,NA,NA,NA,NA,NA,NA,NA,NA,NA,NA,NA,NA,NA,NA,NA,NA,NA,NA,NA,NA,NA,NA,NA,NA,NA,NA,NA,NA,NA,NA,NA,NA,NA,NA,NA,NA,NA,NA,NA,NA,NA,NA,NA,NA,NA,NA,NA,NA,NA,NA,NA,NA,NA,NA,NA,NA,NA,NA,NA,NA,NA,NA,NA,NA,NA,NA,NA,NA,NA,NA,NA,NA,NA,NA,NA,NA,NA,NA,NA,NA,NA,NA,NA,NA,NA
"58","TCGH17",0.716790778,0.259984202,-0.056958374,0.564133484,-0.23949899,0.341661007,0.156988657,0.094065899,-0.290839414,0.160778263,1.010595232,0.101224271,-0.006577657,-0.435622726,-0.330961319,0.044532758,-1.03237086,0.288270619,-0.37521743,-0.116785916,-0.236274628,0.269372865,-0.811166211,0.258637123,0.153379867,0.233805491,0.042957761,0.20089,-0.272895878,-0.101605578,-0.692996486,0.206296015,-0.359327734,-0.356469264,-0.692174278,0.346404007,-0.292215335,-0.29422743,-0.621460707,0.700695191,0.12175732,-1.17551773,-1.36795305,-1.36915629,-1.256431751,-1.015029776,-0.882200191,-1.248669286,-1.069806507,-1.143597555,-1.201629968,-0.175025828,-1.428781062,-0.394484999,-1.364632753,-1.591615992,-0.73300827,-0.775041553,-1.624962749,-1.330433326,-1.217244777,-0.716161117,-1.007149121,-1.176772083,-1.111497437,-1.231203231,-1.090802774,-1.157391057,-1.328600764,-0.955435977,-0.513901173,-1.577228197,-1.933359709,-0.379598771,NA,NA,NA,NA,NA,NA,NA,NA,NA,NA,NA,NA,NA,NA,NA,NA,NA,NA,NA,NA,NA,NA,NA,NA,NA,NA,NA,NA,NA,NA,NA,NA,NA,NA,NA,NA,NA,NA,NA,NA,NA,NA,NA,NA,NA,NA,NA,NA,NA,NA,NA,NA,NA,NA,NA,NA,NA,NA,NA,NA,NA,NA,NA,NA,NA,NA,NA,NA,NA,NA,NA,NA,NA,NA,NA,NA,NA,NA,NA,NA,NA,NA,NA,NA,NA,NA,NA,NA,NA,NA,NA,NA,NA,NA,NA,NA,NA,NA,NA,NA,NA
"59","TKYH12",0.040725606,-1.076963159,0.656304652,0.543235483,0.517500995,-0.422270922,0.005655122,-0.498478092,-0.046047547,-0.740343774,-0.2982286,0.238534066,1.114531426,0.113686825,-0.538832531,-0.161252915,-0.032607583,-0.706293026,-0.245994106,0.558608787,0.011350121,-0.294429459,0.125974949,-0.365492556,-0.364733646,-0.120587528,-0.039613336,-0.674919738,-0.001382164,-0.507141579,-0.368092895,-0.41538321,-0.83213956,0.16601302,-0.210842486,0.1196444,0.253584997,0.067302936,-0.055095939,-0.258504115,-0.42017301,0.15528288,0.016745852,0.092171866,-0.570633995,NA,NA,NA,NA,NA,NA,NA,NA,NA,NA,NA,NA,NA,NA,NA,NA,NA,NA,NA,NA,NA,NA,NA,NA,NA,NA,NA,NA,NA,NA,NA,NA,NA,NA,NA,NA,NA,NA,NA,NA,NA,NA,NA,NA,NA,NA,NA,NA,NA,NA,NA,NA,NA,NA,NA,NA,NA,NA,NA,NA,NA,NA,NA,NA,NA,NA,NA,NA,NA,NA,NA,NA,NA,NA,NA,NA,NA,NA,NA,NA,NA,NA,NA,NA,NA,NA,NA,NA,NA,NA,NA,NA,NA,NA,NA,NA,NA,NA,NA,NA,NA,NA,NA,NA,NA,NA,NA,NA,NA,NA,NA,NA,NA,NA,NA,NA,NA,NA,NA,NA,NA,NA,NA,NA,NA,NA,NA,NA,NA,NA
"60","TKYH13",1.485753299,1.463621907,0.138896997,-0.467477998,0.465100775,0.746425087,0.941996547,1.078077351,0.436740473,1.395216804,0.398160595,1.081040533,0.568328323,0.305424812,0.625823371,0.044387937,1.365196298,0.126038574,-0.401134521,0.656809062,-0.061729238,0.508253516,0.656625466,0.882239983,1.036740158,1.099047594,0.852249722,0.176972352,0.534541992,0.643515375,0.474297596,1.05524852,0.56017811,0.763532398,0.202102273,0.545968395,0.790782302,NA,NA,NA,NA,NA,NA,NA,NA,NA,NA,NA,NA,NA,NA,NA,NA,NA,NA,NA,NA,NA,NA,NA,NA,NA,NA,NA,NA,NA,NA,NA,NA,NA,NA,NA,NA,NA,NA,NA,NA,NA,NA,NA,NA,NA,NA,NA,NA,NA,NA,NA,NA,NA,NA,NA,NA,NA,NA,NA,NA,NA,NA,NA,NA,NA,NA,NA,NA,NA,NA,NA,NA,NA,NA,NA,NA,NA,NA,NA,NA,NA,NA,NA,NA,NA,NA,NA,NA,NA,NA,NA,NA,NA,NA,NA,NA,NA,NA,NA,NA,NA,NA,NA,NA,NA,NA,NA,NA,NA,NA,NA,NA,NA,NA,NA,NA,NA,NA,NA,NA,NA,NA,NA,NA,NA,NA,NA,NA,NA,NA,NA,NA,NA,NA,NA,NA,NA,NA
